sale_id,order_ref,order_date,year_number,quarter_number,month_number,month_name,year_month,is_complete_month,is_complete_year,customer_name,city_name,state_name,category_name,sub_category_name,payment_mode_name,quantity,amount,profit
1,B-25665,2020-03-22,2020,1,3,March,2020-03,0,1,Isabella Roach,Peoria,Illinois,Electronics,Electronic Games,Debit Card,18,8962.0,2444.0
2,B-25102,2020-03-23,2020,1,3,March,2020-03,0,1,Jessica Anderson,New York City,New York,Office Supplies,Pens,Credit Card,14,2975.0,462.0
3,B-26523,2020-03-31,2020,1,3,March,2020-03,0,1,Jasmine Delgado,Chicago,Illinois,Office Supplies,Pens,UPI,6,8204.0,2382.0
4,B-26523,2020-03-31,2020,1,3,March,2020-03,0,1,Jasmine Delgado,Chicago,Illinois,Electronics,Phones,EMI,6,2850.0,904.0
5,B-26622,2020-04-02,2020,2,4,April,2020-04,1,1,Timothy Jensen,Orlando,Florida,Electronics,Phones,UPI,9,9536.0,1437.0
6,B-26622,2020-04-02,2020,2,4,April,2020-04,1,1,Timothy Jensen,Orlando,Florida,Furniture,Sofas,Credit Card,7,2225.0,589.0
7,B-25427,2020-04-04,2020,2,4,April,2020-04,1,1,Richard Blair,Miami,Florida,Furniture,Chairs,COD,2,5035.0,2008.0
8,B-25427,2020-04-04,2020,2,4,April,2020-04,1,1,Richard Blair,Miami,Florida,Electronics,Printers,UPI,19,7702.0,60.0
9,B-25427,2020-04-04,2020,2,4,April,2020-04,1,1,Richard Blair,Miami,Florida,Electronics,Printers,EMI,7,9884.0,4446.0
10,B-26628,2020-04-05,2020,2,4,April,2020-04,1,1,Sara Bailey,Cincinnati,Ohio,Furniture,Sofas,Debit Card,3,9609.0,4339.0
11,B-25227,2020-04-08,2020,2,4,April,2020-04,1,1,Donald Perry,Orlando,Florida,Furniture,Sofas,UPI,1,4115.0,1285.0
12,B-25227,2020-04-08,2020,2,4,April,2020-04,1,1,Donald Perry,Orlando,Florida,Furniture,Tables,UPI,12,4761.0,2231.0
13,B-26837,2020-04-08,2020,2,4,April,2020-04,1,1,Amber Moon,Cleveland,Ohio,Office Supplies,Paper,Credit Card,14,869.0,373.0
14,B-26837,2020-04-08,2020,2,4,April,2020-04,1,1,Amber Moon,Cleveland,Ohio,Furniture,Bookcases,UPI,7,1486.0,114.0
15,B-25872,2020-04-13,2020,2,4,April,2020-04,1,1,Shelly Sweeney,New York City,New York,Office Supplies,Markers,UPI,4,3808.0,1192.0
16,B-25872,2020-04-13,2020,2,4,April,2020-04,1,1,Shelly Sweeney,New York City,New York,Office Supplies,Pens,Credit Card,16,2588.0,705.0
17,B-26573,2020-04-16,2020,2,4,April,2020-04,1,1,Felicia Morton,Columbus,Ohio,Furniture,Sofas,Debit Card,8,6783.0,3306.0
18,B-25603,2020-04-18,2020,2,4,April,2020-04,1,1,Lauren Boyer,Dallas,Texas,Office Supplies,Markers,UPI,19,9272.0,1771.0
19,B-26656,2020-04-18,2020,2,4,April,2020-04,1,1,Linda Little,Tampa,Florida,Office Supplies,Pens,EMI,7,3573.0,562.0
20,B-26656,2020-04-18,2020,2,4,April,2020-04,1,1,Linda Little,Tampa,Florida,Electronics,Phones,EMI,10,8055.0,661.0
21,B-26257,2020-04-19,2020,2,4,April,2020-04,1,1,Joseph Clark,Cincinnati,Ohio,Furniture,Tables,Debit Card,14,5460.0,2088.0
22,B-25541,2020-04-22,2020,2,4,April,2020-04,1,1,Joseph Guerrero,Los Angeles,California,Furniture,Bookcases,UPI,10,2401.0,1163.0
23,B-25541,2020-04-22,2020,2,4,April,2020-04,1,1,Joseph Guerrero,Los Angeles,California,Electronics,Phones,Debit Card,11,1045.0,267.0
24,B-25707,2020-04-25,2020,2,4,April,2020-04,1,1,Kaitlin Brown,Dallas,Texas,Office Supplies,Pens,Debit Card,2,4904.0,469.0
25,B-25707,2020-04-25,2020,2,4,April,2020-04,1,1,Kaitlin Brown,Dallas,Texas,Office Supplies,Binders,UPI,6,3080.0,737.0
26,B-25846,2020-04-25,2020,2,4,April,2020-04,1,1,Erin Vasquez,Orlando,Florida,Electronics,Electronic Games,Debit Card,3,8706.0,1724.0
27,B-25251,2020-04-27,2020,2,4,April,2020-04,1,1,Donald York,Buffalo,New York,Furniture,Chairs,COD,6,2895.0,104.0
28,B-25251,2020-04-27,2020,2,4,April,2020-04,1,1,Donald York,Buffalo,New York,Furniture,Chairs,UPI,1,697.0,116.0
29,B-25684,2020-04-29,2020,2,4,April,2020-04,1,1,Duane Kelly,New York City,New York,Electronics,Electronic Games,COD,15,3560.0,1335.0
30,B-26679,2020-04-29,2020,2,4,April,2020-04,1,1,Richard Lee,Buffalo,New York,Office Supplies,Markers,UPI,5,8102.0,1800.0
31,B-26679,2020-04-29,2020,2,4,April,2020-04,1,1,Richard Lee,Buffalo,New York,Furniture,Tables,EMI,10,3234.0,1274.0
32,B-25363,2020-05-02,2020,2,5,May,2020-05,1,1,Robert Martinez,Houston,Texas,Electronics,Laptops,Credit Card,8,3918.0,749.0
33,B-26319,2020-05-02,2020,2,5,May,2020-05,1,1,Andrew Fernandez,Cincinnati,Ohio,Electronics,Electronic Games,EMI,16,7748.0,1706.0
34,B-26319,2020-05-02,2020,2,5,May,2020-05,1,1,Andrew Fernandez,Cincinnati,Ohio,Office Supplies,Markers,UPI,20,6381.0,2763.0
35,B-26319,2020-05-02,2020,2,5,May,2020-05,1,1,Andrew Fernandez,Cincinnati,Ohio,Electronics,Phones,Credit Card,6,992.0,64.0
36,B-25426,2020-05-04,2020,2,5,May,2020-05,1,1,Mary Taylor,Orlando,Florida,Office Supplies,Markers,Debit Card,1,6851.0,2812.0
37,B-25426,2020-05-04,2020,2,5,May,2020-05,1,1,Mary Taylor,Orlando,Florida,Furniture,Sofas,Credit Card,15,7626.0,1046.0
38,B-25426,2020-05-04,2020,2,5,May,2020-05,1,1,Mary Taylor,Orlando,Florida,Furniture,Tables,UPI,9,1023.0,78.0
39,B-25447,2020-05-04,2020,2,5,May,2020-05,1,1,Amber Kennedy,Tampa,Florida,Office Supplies,Paper,EMI,13,5028.0,1553.0
40,B-26137,2020-05-04,2020,2,5,May,2020-05,1,1,Laura Jordan,Dallas,Texas,Electronics,Printers,Credit Card,4,3423.0,804.0
41,B-26612,2020-05-04,2020,2,5,May,2020-05,1,1,Aaron Kim,Buffalo,New York,Electronics,Phones,Debit Card,9,6528.0,76.0
42,B-26612,2020-05-04,2020,2,5,May,2020-05,1,1,Aaron Kim,Buffalo,New York,Furniture,Sofas,Debit Card,12,8930.0,3374.0
43,B-25873,2020-05-11,2020,2,5,May,2020-05,1,1,William Rosario,Dallas,Texas,Electronics,Electronic Games,UPI,2,2684.0,713.0
44,B-26145,2020-05-13,2020,2,5,May,2020-05,1,1,Robert Michael,Austin,Texas,Furniture,Sofas,COD,12,7441.0,867.0
45,B-25983,2020-05-14,2020,2,5,May,2020-05,1,1,Ryan Bullock,Tampa,Florida,Office Supplies,Paper,Debit Card,10,6517.0,1581.0
46,B-25983,2020-05-14,2020,2,5,May,2020-05,1,1,Ryan Bullock,Tampa,Florida,Furniture,Tables,Credit Card,11,1166.0,349.0
47,B-26454,2020-05-17,2020,2,5,May,2020-05,1,1,Becky Leach,Miami,Florida,Furniture,Sofas,EMI,17,9109.0,586.0
48,B-25413,2020-05-22,2020,2,5,May,2020-05,1,1,James Williams,San Francisco,California,Office Supplies,Markers,Debit Card,18,2465.0,699.0
49,B-26656,2020-05-23,2020,2,5,May,2020-05,1,1,Matthew Huff,San Diego,California,Office Supplies,Pens,EMI,7,3573.0,562.0
50,B-26656,2020-05-23,2020,2,5,May,2020-05,1,1,Matthew Huff,San Diego,California,Electronics,Phones,EMI,10,8055.0,661.0
51,B-25369,2020-05-24,2020,2,5,May,2020-05,1,1,Lauren Jones,Cincinnati,Ohio,Electronics,Laptops,Credit Card,9,1579.0,602.0
52,B-25369,2020-05-24,2020,2,5,May,2020-05,1,1,Lauren Jones,Cincinnati,Ohio,Furniture,Chairs,EMI,19,3760.0,1849.0
53,B-25502,2020-05-24,2020,2,5,May,2020-05,1,1,Tammy Day,New York City,New York,Office Supplies,Pens,EMI,1,8490.0,800.0
54,B-26298,2020-06-02,2020,2,6,June,2020-06,1,1,Caitlin Hunt,Rochester,New York,Electronics,Phones,EMI,8,2082.0,642.0
55,B-26750,2020-06-07,2020,2,6,June,2020-06,1,1,Paul Zimmerman,Rochester,New York,Furniture,Sofas,Credit Card,7,5461.0,1214.0
56,B-26453,2020-06-16,2020,2,6,June,2020-06,1,1,Jordan Hahn,Rochester,New York,Electronics,Laptops,Debit Card,20,1231.0,214.0
57,B-25004,2020-06-17,2020,2,6,June,2020-06,1,1,Jennifer Marshall,San Francisco,California,Office Supplies,Markers,COD,16,9965.0,3033.0
58,B-25317,2020-06-21,2020,2,6,June,2020-06,1,1,Sharon Russell,San Diego,California,Electronics,Printers,COD,5,2472.0,211.0
59,B-26191,2020-06-21,2020,2,6,June,2020-06,1,1,James Bonilla,San Diego,California,Electronics,Phones,Credit Card,15,8994.0,1481.0
60,B-26743,2020-06-23,2020,2,6,June,2020-06,1,1,Jacob Carpenter,Buffalo,New York,Furniture,Sofas,COD,12,7684.0,1157.0
61,B-26909,2020-06-23,2020,2,6,June,2020-06,1,1,Daniel Brooks,Peoria,Illinois,Furniture,Sofas,EMI,4,7786.0,1202.0
62,B-25465,2020-06-24,2020,2,6,June,2020-06,1,1,Steven Frey,Miami,Florida,Furniture,Tables,Credit Card,16,717.0,158.0
63,B-25465,2020-06-24,2020,2,6,June,2020-06,1,1,Steven Frey,Miami,Florida,Furniture,Sofas,UPI,17,508.0,177.0
64,B-25138,2020-07-04,2020,3,7,July,2020-07,1,1,Sylvia Jenkins,New York City,New York,Office Supplies,Pens,Credit Card,4,1778.0,285.0
65,B-26120,2020-07-04,2020,3,7,July,2020-07,1,1,Kimberly Fuller,Cleveland,Ohio,Office Supplies,Pens,COD,8,2101.0,287.0
66,B-25387,2020-07-06,2020,3,7,July,2020-07,1,1,Amy Thompson,Cincinnati,Ohio,Office Supplies,Markers,UPI,5,9775.0,4507.0
67,B-26137,2020-07-09,2020,3,7,July,2020-07,1,1,Alan Livingston,Peoria,Illinois,Electronics,Printers,Credit Card,4,3423.0,804.0
68,B-26279,2020-07-12,2020,3,7,July,2020-07,1,1,Kristin Alvarez,Springfield,Illinois,Office Supplies,Markers,Credit Card,5,3747.0,410.0
69,B-26279,2020-07-12,2020,3,7,July,2020-07,1,1,Kristin Alvarez,Springfield,Illinois,Office Supplies,Binders,UPI,4,3194.0,534.0
70,B-26292,2020-07-13,2020,3,7,July,2020-07,1,1,Nathan Moss,Springfield,Illinois,Office Supplies,Pens,Debit Card,4,4183.0,1159.0
71,B-26088,2020-07-16,2020,3,7,July,2020-07,1,1,Natalie Cox,Orlando,Florida,Office Supplies,Pens,COD,20,6932.0,3218.0
72,B-26137,2020-07-25,2020,3,7,July,2020-07,1,1,Angela Jackson,Dallas,Texas,Electronics,Printers,Credit Card,4,3423.0,804.0
73,B-26929,2020-08-05,2020,3,8,August,2020-08,1,1,Kelly Roberts,Buffalo,New York,Furniture,Sofas,COD,1,6087.0,3043.0
74,B-26298,2020-08-07,2020,3,8,August,2020-08,1,1,Stephanie Oconnell,Buffalo,New York,Electronics,Phones,EMI,8,2082.0,642.0
75,B-25028,2020-08-09,2020,3,8,August,2020-08,1,1,Samantha Williams,Orlando,Florida,Office Supplies,Binders,UPI,12,1961.0,59.0
76,B-26106,2020-08-10,2020,3,8,August,2020-08,1,1,Mr. Gregg Sawyer,Peoria,Illinois,Furniture,Sofas,Debit Card,8,7952.0,3865.0
77,B-26565,2020-08-10,2020,3,8,August,2020-08,1,1,Maria Galvan,Columbus,Ohio,Office Supplies,Paper,Credit Card,7,9873.0,4585.0
78,B-25902,2020-08-11,2020,3,8,August,2020-08,1,1,Theresa Cline,Cleveland,Ohio,Electronics,Electronic Games,UPI,3,7493.0,96.0
79,B-25573,2020-08-16,2020,3,8,August,2020-08,1,1,Heather Johnson,Los Angeles,California,Furniture,Sofas,COD,1,2119.0,196.0
80,B-25660,2020-08-18,2020,3,8,August,2020-08,1,1,Steven Cox,Los Angeles,California,Furniture,Chairs,Debit Card,4,7595.0,2873.0
81,B-26219,2020-08-19,2020,3,8,August,2020-08,1,1,Mark Padilla,San Diego,California,Office Supplies,Markers,Credit Card,20,9386.0,2555.0
82,B-26032,2020-08-21,2020,3,8,August,2020-08,1,1,Scott Lewis,Houston,Texas,Electronics,Phones,COD,1,8346.0,1176.0
83,B-26032,2020-08-21,2020,3,8,August,2020-08,1,1,Scott Lewis,Houston,Texas,Furniture,Tables,Debit Card,5,6218.0,1125.0
84,B-26032,2020-08-21,2020,3,8,August,2020-08,1,1,Scott Lewis,Houston,Texas,Electronics,Printers,Credit Card,14,5167.0,253.0
85,B-26032,2020-08-21,2020,3,8,August,2020-08,1,1,Scott Lewis,Houston,Texas,Furniture,Sofas,Debit Card,5,2799.0,1239.0
86,B-25646,2020-08-24,2020,3,8,August,2020-08,1,1,Sharon Wilkins,Chicago,Illinois,Office Supplies,Paper,Credit Card,4,8979.0,4477.0
87,B-26806,2020-08-27,2020,3,8,August,2020-08,1,1,Laura Cole,Tampa,Florida,Furniture,Bookcases,EMI,3,4027.0,1386.0
88,B-26068,2020-08-28,2020,3,8,August,2020-08,1,1,Carol Norman,Rochester,New York,Furniture,Bookcases,COD,5,1033.0,254.0
89,B-26379,2020-09-01,2020,3,9,September,2020-09,1,1,Mike Armstrong,New York City,New York,Office Supplies,Pens,Credit Card,9,8681.0,2458.0
90,B-25733,2020-09-04,2020,3,9,September,2020-09,1,1,Manuel Stark,Springfield,Illinois,Electronics,Printers,UPI,10,4569.0,1693.0
91,B-26122,2020-09-08,2020,3,9,September,2020-09,1,1,Angela Norman,Springfield,Illinois,Office Supplies,Paper,UPI,20,4116.0,921.0
92,B-26599,2020-09-08,2020,3,9,September,2020-09,1,1,Jorge George,New York City,New York,Furniture,Chairs,Debit Card,15,4015.0,1751.0
93,B-25935,2020-09-09,2020,3,9,September,2020-09,1,1,Amanda Kim,Columbus,Ohio,Electronics,Laptops,Debit Card,15,3482.0,1554.0
94,B-25435,2020-09-10,2020,3,9,September,2020-09,1,1,Paul Scott,San Francisco,California,Furniture,Bookcases,UPI,3,3518.0,1051.0
95,B-25435,2020-09-10,2020,3,9,September,2020-09,1,1,Paul Scott,San Francisco,California,Electronics,Laptops,EMI,8,4157.0,1874.0
96,B-26841,2020-09-12,2020,3,9,September,2020-09,1,1,Jill Jones,New York City,New York,Furniture,Chairs,Debit Card,13,9827.0,4208.0
97,B-26841,2020-09-12,2020,3,9,September,2020-09,1,1,Jill Jones,New York City,New York,Furniture,Sofas,Credit Card,15,8077.0,240.0
98,B-25424,2020-09-15,2020,3,9,September,2020-09,1,1,Jill Perez,San Diego,California,Office Supplies,Pens,EMI,17,1574.0,258.0
99,B-25424,2020-09-15,2020,3,9,September,2020-09,1,1,Jill Perez,San Diego,California,Office Supplies,Binders,UPI,17,5635.0,318.0
100,B-25424,2020-09-15,2020,3,9,September,2020-09,1,1,Jill Perez,San Diego,California,Furniture,Sofas,Debit Card,11,6515.0,961.0
101,B-26505,2020-09-21,2020,3,9,September,2020-09,1,1,Mary Wright,Cincinnati,Ohio,Electronics,Phones,Debit Card,13,8158.0,2052.0
102,B-26790,2020-09-21,2020,3,9,September,2020-09,1,1,Jennifer Cooke,San Francisco,California,Furniture,Sofas,EMI,16,3445.0,1405.0
103,B-26790,2020-09-21,2020,3,9,September,2020-09,1,1,Jennifer Cooke,San Francisco,California,Electronics,Laptops,UPI,1,9837.0,384.0
104,B-26023,2020-09-26,2020,3,9,September,2020-09,1,1,Stephanie Gardner,San Diego,California,Electronics,Printers,UPI,19,1518.0,159.0
105,B-26501,2020-09-26,2020,3,9,September,2020-09,1,1,Ricky Smith,Miami,Florida,Furniture,Tables,EMI,7,8851.0,3962.0
106,B-25364,2020-09-30,2020,3,9,September,2020-09,1,1,Travis Chandler Dds,Rochester,New York,Electronics,Laptops,EMI,13,8649.0,2631.0
107,B-25919,2020-09-30,2020,3,9,September,2020-09,1,1,Jillian Williams,San Diego,California,Office Supplies,Paper,Credit Card,4,2140.0,970.0
108,B-25919,2020-09-30,2020,3,9,September,2020-09,1,1,Jillian Williams,San Diego,California,Electronics,Laptops,Debit Card,1,2670.0,1026.0
109,B-26878,2020-10-01,2020,4,10,October,2020-10,1,1,Jasmin Jones,Chicago,Illinois,Electronics,Phones,Credit Card,3,1078.0,309.0
110,B-26743,2020-10-02,2020,4,10,October,2020-10,1,1,Cameron Miller,Chicago,Illinois,Furniture,Sofas,COD,12,7684.0,1157.0
111,B-26794,2020-10-02,2020,4,10,October,2020-10,1,1,Colin Patterson,New York City,New York,Furniture,Bookcases,Debit Card,12,2137.0,638.0
112,B-26794,2020-10-02,2020,4,10,October,2020-10,1,1,Colin Patterson,New York City,New York,Furniture,Chairs,Debit Card,12,2831.0,1289.0
113,B-25060,2020-10-08,2020,4,10,October,2020-10,1,1,Jonathan Mcmillan,Buffalo,New York,Office Supplies,Pens,Credit Card,3,1379.0,250.0
114,B-25060,2020-10-08,2020,4,10,October,2020-10,1,1,Jonathan Mcmillan,Buffalo,New York,Electronics,Laptops,Debit Card,10,4244.0,340.0
115,B-26817,2020-10-11,2020,4,10,October,2020-10,1,1,Debra Townsend,Cincinnati,Ohio,Electronics,Laptops,COD,6,3316.0,126.0
116,B-25359,2020-10-15,2020,4,10,October,2020-10,1,1,Jack Woods,Peoria,Illinois,Furniture,Bookcases,Credit Card,3,611.0,300.0
117,B-25730,2020-10-17,2020,4,10,October,2020-10,1,1,Ms. Emily Baxter,Rochester,New York,Office Supplies,Binders,COD,8,8293.0,2632.0
118,B-25730,2020-10-17,2020,4,10,October,2020-10,1,1,Ms. Emily Baxter,Rochester,New York,Electronics,Phones,UPI,17,2863.0,205.0
119,B-25901,2020-10-20,2020,4,10,October,2020-10,1,1,Jeffrey Middleton,Buffalo,New York,Office Supplies,Paper,UPI,16,9883.0,4812.0
120,B-25901,2020-10-20,2020,4,10,October,2020-10,1,1,Jeffrey Middleton,Buffalo,New York,Office Supplies,Paper,UPI,7,5210.0,1185.0
121,B-26523,2020-10-20,2020,4,10,October,2020-10,1,1,Kristen Harper,Buffalo,New York,Office Supplies,Pens,UPI,6,8204.0,2382.0
122,B-26523,2020-10-20,2020,4,10,October,2020-10,1,1,Kristen Harper,Buffalo,New York,Electronics,Phones,EMI,6,2850.0,904.0
123,B-25679,2020-10-21,2020,4,10,October,2020-10,1,1,Jacob Decker,Tampa,Florida,Furniture,Bookcases,EMI,18,810.0,231.0
124,B-26580,2020-10-21,2020,4,10,October,2020-10,1,1,Kathryn Rogers,Columbus,Ohio,Furniture,Bookcases,COD,13,4007.0,201.0
125,B-26916,2020-10-21,2020,4,10,October,2020-10,1,1,Pamela Patterson,San Francisco,California,Office Supplies,Pens,UPI,7,916.0,362.0
126,B-26916,2020-10-21,2020,4,10,October,2020-10,1,1,Pamela Patterson,San Francisco,California,Furniture,Sofas,UPI,20,1165.0,302.0
127,B-26916,2020-10-21,2020,4,10,October,2020-10,1,1,Pamela Patterson,San Francisco,California,Furniture,Chairs,UPI,12,7846.0,677.0
128,B-25464,2020-10-23,2020,4,10,October,2020-10,1,1,Melissa Mcknight,Los Angeles,California,Furniture,Chairs,COD,4,6145.0,1414.0
129,B-25464,2020-10-23,2020,4,10,October,2020-10,1,1,Melissa Mcknight,Los Angeles,California,Electronics,Printers,UPI,18,2504.0,440.0
130,B-25464,2020-10-23,2020,4,10,October,2020-10,1,1,Melissa Mcknight,Los Angeles,California,Electronics,Phones,Debit Card,16,3124.0,138.0
131,B-26754,2020-10-26,2020,4,10,October,2020-10,1,1,Robin Myers,Dallas,Texas,Office Supplies,Markers,EMI,16,1089.0,176.0
132,B-25992,2020-10-27,2020,4,10,October,2020-10,1,1,Diana Scott,San Diego,California,Furniture,Tables,EMI,8,8572.0,2041.0
133,B-25992,2020-10-27,2020,4,10,October,2020-10,1,1,Diana Scott,San Diego,California,Electronics,Printers,Credit Card,10,8059.0,1834.0
134,B-25406,2020-10-28,2020,4,10,October,2020-10,1,1,Megan Williams,Chicago,Illinois,Office Supplies,Pens,UPI,20,6016.0,431.0
135,B-26043,2020-11-03,2020,4,11,November,2020-11,1,1,Sara Peterson,Chicago,Illinois,Office Supplies,Paper,UPI,20,8769.0,1989.0
136,B-25465,2020-11-06,2020,4,11,November,2020-11,1,1,Robert White,Orlando,Florida,Furniture,Tables,Credit Card,16,717.0,158.0
137,B-25465,2020-11-06,2020,4,11,November,2020-11,1,1,Robert White,Orlando,Florida,Furniture,Sofas,UPI,17,508.0,177.0
138,B-26552,2020-11-09,2020,4,11,November,2020-11,1,1,Larry Moore,Tampa,Florida,Electronics,Electronic Games,Credit Card,10,2804.0,936.0
139,B-25759,2020-11-10,2020,4,11,November,2020-11,1,1,Leah Calderon,Chicago,Illinois,Furniture,Chairs,COD,2,5014.0,2332.0
140,B-25976,2020-11-10,2020,4,11,November,2020-11,1,1,Francisco Hicks,Springfield,Illinois,Electronics,Electronic Games,UPI,3,4307.0,615.0
141,B-25976,2020-11-10,2020,4,11,November,2020-11,1,1,Francisco Hicks,Springfield,Illinois,Furniture,Chairs,EMI,5,5694.0,1134.0
142,B-25372,2020-11-16,2020,4,11,November,2020-11,1,1,Heather Jenkins,Buffalo,New York,Furniture,Tables,Debit Card,20,1016.0,172.0
143,B-25372,2020-11-16,2020,4,11,November,2020-11,1,1,Heather Jenkins,Buffalo,New York,Furniture,Tables,UPI,14,5768.0,2059.0
144,B-25372,2020-11-16,2020,4,11,November,2020-11,1,1,Heather Jenkins,Buffalo,New York,Furniture,Tables,Credit Card,3,1217.0,151.0
145,B-26677,2020-11-19,2020,4,11,November,2020-11,1,1,Randall Dennis,Orlando,Florida,Office Supplies,Paper,Debit Card,2,8581.0,2444.0
146,B-26554,2020-11-21,2020,4,11,November,2020-11,1,1,Jessica Jones,Peoria,Illinois,Office Supplies,Paper,Credit Card,5,7564.0,3463.0
147,B-26554,2020-11-21,2020,4,11,November,2020-11,1,1,Jessica Jones,Peoria,Illinois,Electronics,Electronic Games,UPI,20,3409.0,1605.0
148,B-26883,2020-11-23,2020,4,11,November,2020-11,1,1,Christian Jones,Buffalo,New York,Office Supplies,Pens,COD,13,9751.0,2459.0
149,B-25444,2020-11-25,2020,4,11,November,2020-11,1,1,Tony Chavez,Columbus,Ohio,Office Supplies,Pens,EMI,5,7626.0,229.0
150,B-26284,2020-11-27,2020,4,11,November,2020-11,1,1,Elizabeth Miller,Springfield,Illinois,Electronics,Phones,UPI,14,5152.0,2045.0
151,B-25104,2020-11-28,2020,4,11,November,2020-11,1,1,Paul Raymond,San Diego,California,Office Supplies,Binders,Debit Card,19,8971.0,2971.0
152,B-25104,2020-11-28,2020,4,11,November,2020-11,1,1,Paul Raymond,San Diego,California,Office Supplies,Binders,COD,20,2939.0,894.0
153,B-26896,2020-11-29,2020,4,11,November,2020-11,1,1,Morgan Sullivan,Houston,Texas,Electronics,Printers,EMI,18,6488.0,1591.0
154,B-25492,2020-11-30,2020,4,11,November,2020-11,1,1,Clarence Cooke,San Francisco,California,Furniture,Chairs,EMI,14,9279.0,552.0
155,B-25492,2020-11-30,2020,4,11,November,2020-11,1,1,Clarence Cooke,San Francisco,California,Office Supplies,Paper,Credit Card,19,2596.0,1003.0
156,B-25038,2020-12-05,2020,4,12,December,2020-12,1,1,Lisa Jacobs,Buffalo,New York,Furniture,Chairs,Debit Card,2,738.0,342.0
157,B-26677,2020-12-13,2020,4,12,December,2020-12,1,1,Philip Baker,Peoria,Illinois,Office Supplies,Paper,Debit Card,2,8581.0,2444.0
158,B-26739,2020-12-13,2020,4,12,December,2020-12,1,1,Robert Sexton,Los Angeles,California,Furniture,Tables,UPI,3,2689.0,1330.0
159,B-25381,2020-12-15,2020,4,12,December,2020-12,1,1,Dawn Webb,Peoria,Illinois,Office Supplies,Markers,EMI,13,4220.0,945.0
160,B-26679,2020-12-15,2020,4,12,December,2020-12,1,1,Matthew Schroeder,Cleveland,Ohio,Office Supplies,Markers,UPI,5,8102.0,1800.0
161,B-26679,2020-12-15,2020,4,12,December,2020-12,1,1,Matthew Schroeder,Cleveland,Ohio,Furniture,Tables,EMI,10,3234.0,1274.0
162,B-25590,2020-12-16,2020,4,12,December,2020-12,1,1,Darrell Ramos,Rochester,New York,Office Supplies,Binders,Debit Card,6,8305.0,1577.0
163,B-25192,2020-12-17,2020,4,12,December,2020-12,1,1,Ashley Wright,Cleveland,Ohio,Furniture,Bookcases,EMI,13,3309.0,177.0
164,B-25382,2020-12-21,2020,4,12,December,2020-12,1,1,Joshua Rojas,Miami,Florida,Office Supplies,Markers,UPI,15,7019.0,2677.0
165,B-26347,2020-12-21,2020,4,12,December,2020-12,1,1,Mary Smith,Miami,Florida,Furniture,Bookcases,UPI,7,8586.0,3826.0
166,B-25996,2020-12-23,2020,4,12,December,2020-12,1,1,Jennifer Clark,Austin,Texas,Furniture,Tables,UPI,14,714.0,232.0
167,B-25436,2020-12-24,2020,4,12,December,2020-12,1,1,Andre Fernandez,Orlando,Florida,Office Supplies,Markers,COD,3,8044.0,3634.0
168,B-26912,2020-12-27,2020,4,12,December,2020-12,1,1,Patrick Hensley Md,Cincinnati,Ohio,Furniture,Tables,Debit Card,9,8752.0,1686.0
169,B-25715,2020-12-31,2020,4,12,December,2020-12,1,1,Alicia Vincent,Cincinnati,Ohio,Furniture,Tables,Debit Card,19,6089.0,139.0
170,B-25715,2020-12-31,2020,4,12,December,2020-12,1,1,Alicia Vincent,Cincinnati,Ohio,Furniture,Tables,UPI,16,2586.0,800.0
171,B-25715,2020-12-31,2020,4,12,December,2020-12,1,1,Alicia Vincent,Cincinnati,Ohio,Office Supplies,Paper,UPI,9,3757.0,1626.0
172,B-25713,2021-01-03,2021,1,1,January,2021-01,1,1,Peggy Campos,Buffalo,New York,Electronics,Phones,Credit Card,8,2280.0,509.0
173,B-26804,2021-01-03,2021,1,1,January,2021-01,1,1,Morgan Sellers,Los Angeles,California,Office Supplies,Pens,Debit Card,8,914.0,400.0
174,B-26804,2021-01-03,2021,1,1,January,2021-01,1,1,Morgan Sellers,Los Angeles,California,Office Supplies,Paper,Credit Card,3,1548.0,666.0
175,B-25159,2021-01-04,2021,1,1,January,2021-01,1,1,Marie James,Buffalo,New York,Office Supplies,Markers,UPI,16,5338.0,1354.0
176,B-25841,2021-01-19,2021,1,1,January,2021-01,1,1,Jacob Meyer,Peoria,Illinois,Office Supplies,Pens,EMI,8,782.0,374.0
177,B-25841,2021-01-19,2021,1,1,January,2021-01,1,1,Jacob Meyer,Peoria,Illinois,Electronics,Laptops,UPI,1,4371.0,1852.0
178,B-26069,2021-01-21,2021,1,1,January,2021-01,1,1,Stephen Baker,Columbus,Ohio,Office Supplies,Markers,EMI,11,838.0,271.0
179,B-26069,2021-01-21,2021,1,1,January,2021-01,1,1,Stephen Baker,Columbus,Ohio,Furniture,Tables,UPI,2,3577.0,699.0
180,B-26864,2021-01-30,2021,1,1,January,2021-01,1,1,Collin Cameron,San Francisco,California,Electronics,Electronic Games,UPI,5,2539.0,324.0
181,B-25388,2021-02-04,2021,1,2,February,2021-02,1,1,Sara Castro,Chicago,Illinois,Furniture,Sofas,EMI,13,5047.0,2211.0
182,B-25011,2021-02-06,2021,1,2,February,2021-02,1,1,Steven Keith,San Francisco,California,Furniture,Sofas,UPI,15,3913.0,961.0
183,B-26489,2021-02-09,2021,1,2,February,2021-02,1,1,Michelle Bailey,Dallas,Texas,Electronics,Laptops,COD,14,2791.0,894.0
184,B-26489,2021-02-09,2021,1,2,February,2021-02,1,1,Michelle Bailey,Dallas,Texas,Furniture,Sofas,Debit Card,3,6223.0,1478.0
185,B-26489,2021-02-09,2021,1,2,February,2021-02,1,1,Michelle Bailey,Dallas,Texas,Furniture,Chairs,Debit Card,17,8943.0,3121.0
186,B-26489,2021-02-09,2021,1,2,February,2021-02,1,1,Michelle Bailey,Dallas,Texas,Electronics,Phones,Credit Card,12,3297.0,102.0
187,B-26009,2021-02-10,2021,1,2,February,2021-02,1,1,Sara Garcia,Peoria,Illinois,Furniture,Tables,UPI,10,8945.0,1728.0
188,B-25232,2021-02-12,2021,1,2,February,2021-02,1,1,Darren Moore,Peoria,Illinois,Office Supplies,Paper,UPI,13,7792.0,1403.0
189,B-25232,2021-02-12,2021,1,2,February,2021-02,1,1,Darren Moore,Peoria,Illinois,Furniture,Chairs,Debit Card,14,2346.0,388.0
190,B-25790,2021-02-14,2021,1,2,February,2021-02,1,1,Justin Rosales,Miami,Florida,Electronics,Printers,COD,8,2792.0,1008.0
191,B-25925,2021-02-17,2021,1,2,February,2021-02,1,1,James Hart,Chicago,Illinois,Office Supplies,Pens,Credit Card,1,3022.0,384.0
192,B-25925,2021-02-17,2021,1,2,February,2021-02,1,1,James Hart,Chicago,Illinois,Electronics,Electronic Games,Debit Card,13,5266.0,1111.0
193,B-26654,2021-02-18,2021,1,2,February,2021-02,1,1,Mrs. Jennifer Lewis,San Francisco,California,Electronics,Phones,UPI,13,7838.0,1142.0
194,B-26654,2021-02-18,2021,1,2,February,2021-02,1,1,Mrs. Jennifer Lewis,San Francisco,California,Electronics,Phones,Credit Card,6,9300.0,3146.0
195,B-26654,2021-02-18,2021,1,2,February,2021-02,1,1,Mrs. Jennifer Lewis,San Francisco,California,Office Supplies,Paper,Debit Card,17,1733.0,133.0
196,B-26041,2021-02-22,2021,1,2,February,2021-02,1,1,Matthew James,Peoria,Illinois,Electronics,Phones,COD,12,9498.0,256.0
197,B-26924,2021-02-28,2021,1,2,February,2021-02,1,1,David Johnson,Austin,Texas,Office Supplies,Pens,COD,6,1083.0,501.0
198,B-25966,2021-03-01,2021,1,3,March,2021-03,1,1,Susan Baker,San Diego,California,Furniture,Bookcases,Debit Card,9,6093.0,3042.0
199,B-25510,2021-03-03,2021,1,3,March,2021-03,1,1,Laura Andrews,New York City,New York,Furniture,Bookcases,COD,12,2478.0,92.0
200,B-25965,2021-03-05,2021,1,3,March,2021-03,1,1,Tanner Vance,Houston,Texas,Electronics,Laptops,Debit Card,2,544.0,272.0
201,B-25885,2021-03-06,2021,1,3,March,2021-03,1,1,Dawn Howard,Houston,Texas,Office Supplies,Pens,COD,12,9704.0,4339.0
202,B-25885,2021-03-06,2021,1,3,March,2021-03,1,1,Dawn Howard,Houston,Texas,Electronics,Printers,Debit Card,18,4948.0,2356.0
203,B-25885,2021-03-06,2021,1,3,March,2021-03,1,1,Dawn Howard,Houston,Texas,Electronics,Electronic Games,Debit Card,10,6435.0,334.0
204,B-25897,2021-03-07,2021,1,3,March,2021-03,1,1,Jessica Blankenship,Cincinnati,Ohio,Furniture,Chairs,UPI,8,5393.0,2642.0
205,B-25346,2021-03-12,2021,1,3,March,2021-03,1,1,Jeremy Vazquez,Cleveland,Ohio,Furniture,Sofas,COD,8,6265.0,155.0
206,B-25813,2021-03-13,2021,1,3,March,2021-03,1,1,Charles Henderson,Tampa,Florida,Electronics,Phones,COD,9,702.0,238.0
207,B-26185,2021-03-14,2021,1,3,March,2021-03,1,1,Brian Patrick,Tampa,Florida,Electronics,Electronic Games,Credit Card,5,1591.0,727.0
208,B-25510,2021-03-18,2021,1,3,March,2021-03,1,1,Mrs. Stephanie Hooper,San Francisco,California,Furniture,Bookcases,COD,12,2478.0,92.0
209,B-25010,2021-03-21,2021,1,3,March,2021-03,1,1,James Hickman,Cleveland,Ohio,Office Supplies,Pens,Credit Card,15,7870.0,1057.0
210,B-25400,2021-03-24,2021,1,3,March,2021-03,1,1,Maria Thomas,Miami,Florida,Electronics,Printers,UPI,17,7759.0,3741.0
211,B-25400,2021-03-24,2021,1,3,March,2021-03,1,1,Maria Thomas,Miami,Florida,Office Supplies,Markers,Debit Card,16,7521.0,3457.0
212,B-26469,2021-03-24,2021,1,3,March,2021-03,1,1,Eric Clark,Orlando,Florida,Electronics,Electronic Games,UPI,17,7856.0,3699.0
213,B-26469,2021-03-24,2021,1,3,March,2021-03,1,1,Eric Clark,Orlando,Florida,Office Supplies,Pens,EMI,3,1165.0,51.0
214,B-25025,2021-03-25,2021,1,3,March,2021-03,1,1,James Gutierrez,Rochester,New York,Electronics,Laptops,COD,20,6447.0,3079.0
215,B-25025,2021-03-25,2021,1,3,March,2021-03,1,1,James Gutierrez,Rochester,New York,Electronics,Electronic Games,Credit Card,6,8947.0,2807.0
216,B-25024,2021-03-28,2021,1,3,March,2021-03,1,1,Megan Pitts,Columbus,Ohio,Office Supplies,Markers,EMI,2,9002.0,4197.0
217,B-25106,2021-04-01,2021,2,4,April,2021-04,1,1,Luke Saunders,Dallas,Texas,Electronics,Phones,Credit Card,16,9090.0,3098.0
218,B-25106,2021-04-01,2021,2,4,April,2021-04,1,1,Luke Saunders,Dallas,Texas,Electronics,Electronic Games,Credit Card,11,851.0,356.0
219,B-26268,2021-04-03,2021,2,4,April,2021-04,1,1,Crystal Ross,Austin,Texas,Office Supplies,Pens,Credit Card,13,4369.0,584.0
220,B-26675,2021-04-03,2021,2,4,April,2021-04,1,1,James Perez,Orlando,Florida,Electronics,Electronic Games,EMI,18,6499.0,2189.0
221,B-25746,2021-04-04,2021,2,4,April,2021-04,1,1,Manuel Walls,Houston,Texas,Office Supplies,Binders,Debit Card,15,8243.0,1346.0
222,B-26730,2021-04-05,2021,2,4,April,2021-04,1,1,Jacqueline Harris,Houston,Texas,Furniture,Tables,Debit Card,10,6139.0,451.0
223,B-26730,2021-04-05,2021,2,4,April,2021-04,1,1,Jacqueline Harris,Houston,Texas,Furniture,Chairs,COD,3,8636.0,3192.0
224,B-26730,2021-04-05,2021,2,4,April,2021-04,1,1,Jacqueline Harris,Houston,Texas,Furniture,Sofas,Credit Card,19,4439.0,1712.0
225,B-26445,2021-04-12,2021,2,4,April,2021-04,1,1,Christopher Rogers,Chicago,Illinois,Furniture,Sofas,EMI,15,9921.0,1451.0
226,B-25036,2021-04-19,2021,2,4,April,2021-04,1,1,Joseph Bates,New York City,New York,Electronics,Printers,EMI,3,2737.0,1253.0
227,B-25705,2021-04-27,2021,2,4,April,2021-04,1,1,Ann Mooney,Los Angeles,California,Electronics,Electronic Games,COD,11,9335.0,557.0
228,B-26969,2021-04-30,2021,2,4,April,2021-04,1,1,Peter Ward,Rochester,New York,Office Supplies,Markers,Credit Card,5,3348.0,568.0
229,B-26969,2021-04-30,2021,2,4,April,2021-04,1,1,Peter Ward,Rochester,New York,Office Supplies,Pens,Debit Card,9,8856.0,2020.0
230,B-25456,2021-05-03,2021,2,5,May,2021-05,1,1,Alexis Duffy,Los Angeles,California,Furniture,Sofas,Credit Card,20,5632.0,2358.0
231,B-26587,2021-05-07,2021,2,5,May,2021-05,1,1,Angela Lyons,New York City,New York,Furniture,Sofas,UPI,17,8982.0,448.0
232,B-26587,2021-05-07,2021,2,5,May,2021-05,1,1,Angela Lyons,New York City,New York,Office Supplies,Paper,Debit Card,5,4826.0,562.0
233,B-25555,2021-05-08,2021,2,5,May,2021-05,1,1,Kimberly Warren,Cincinnati,Ohio,Electronics,Phones,Credit Card,12,4051.0,1848.0
234,B-25555,2021-05-08,2021,2,5,May,2021-05,1,1,Kimberly Warren,Cincinnati,Ohio,Furniture,Bookcases,Credit Card,11,5011.0,866.0
235,B-25747,2021-05-12,2021,2,5,May,2021-05,1,1,Jessica Kidd,Buffalo,New York,Electronics,Phones,COD,1,2962.0,1470.0
236,B-25747,2021-05-12,2021,2,5,May,2021-05,1,1,Jessica Kidd,Buffalo,New York,Electronics,Printers,UPI,12,7131.0,718.0
237,B-25747,2021-05-12,2021,2,5,May,2021-05,1,1,Jessica Kidd,Buffalo,New York,Office Supplies,Markers,EMI,10,4200.0,855.0
238,B-25738,2021-05-15,2021,2,5,May,2021-05,1,1,Albert Alexander Jr.,Cleveland,Ohio,Office Supplies,Markers,COD,18,9909.0,2999.0
239,B-26366,2021-05-16,2021,2,5,May,2021-05,1,1,Kaitlin Garrison,Columbus,Ohio,Office Supplies,Binders,COD,11,4706.0,594.0
240,B-26366,2021-05-16,2021,2,5,May,2021-05,1,1,Kaitlin Garrison,Columbus,Ohio,Office Supplies,Markers,UPI,6,6584.0,371.0
241,B-25884,2021-05-18,2021,2,5,May,2021-05,1,1,Wanda West,Cleveland,Ohio,Electronics,Printers,Credit Card,20,9538.0,3158.0
242,B-25884,2021-05-18,2021,2,5,May,2021-05,1,1,Wanda West,Cleveland,Ohio,Furniture,Chairs,EMI,14,9035.0,1227.0
243,B-25697,2021-05-25,2021,2,5,May,2021-05,1,1,Victoria Bryant Md,San Francisco,California,Furniture,Tables,Debit Card,14,815.0,54.0
244,B-25228,2021-05-27,2021,2,5,May,2021-05,1,1,Jodi Wood,Cleveland,Ohio,Electronics,Laptops,EMI,19,6061.0,2121.0
245,B-25774,2021-05-27,2021,2,5,May,2021-05,1,1,Brandon Le,San Diego,California,Office Supplies,Markers,Credit Card,19,8861.0,3381.0
246,B-25992,2021-05-27,2021,2,5,May,2021-05,1,1,Alicia Oneill,Springfield,Illinois,Furniture,Tables,EMI,8,8572.0,2041.0
247,B-25992,2021-05-27,2021,2,5,May,2021-05,1,1,Alicia Oneill,Springfield,Illinois,Electronics,Printers,Credit Card,10,8059.0,1834.0
248,B-25870,2021-05-28,2021,2,5,May,2021-05,1,1,Angela Roberts,Cleveland,Ohio,Electronics,Laptops,EMI,17,5557.0,2114.0
249,B-26419,2021-05-28,2021,2,5,May,2021-05,1,1,John Stevens,San Francisco,California,Furniture,Sofas,UPI,1,3657.0,163.0
250,B-26245,2021-06-02,2021,2,6,June,2021-06,1,1,Megan Morgan,Cleveland,Ohio,Office Supplies,Paper,EMI,5,4172.0,235.0
251,B-26767,2021-06-03,2021,2,6,June,2021-06,1,1,Nancy Keller,Dallas,Texas,Furniture,Bookcases,COD,19,6724.0,1539.0
252,B-26195,2021-06-04,2021,2,6,June,2021-06,1,1,Christopher Johnson,Miami,Florida,Office Supplies,Binders,Debit Card,15,874.0,235.0
253,B-26844,2021-06-05,2021,2,6,June,2021-06,1,1,Marie Jefferson,Orlando,Florida,Electronics,Electronic Games,COD,14,4163.0,897.0
254,B-26324,2021-06-06,2021,2,6,June,2021-06,1,1,Keith Reese,Austin,Texas,Electronics,Electronic Games,Debit Card,15,6355.0,1335.0
255,B-25529,2021-06-07,2021,2,6,June,2021-06,1,1,Edward Johnson,Orlando,Florida,Office Supplies,Pens,EMI,15,1626.0,258.0
256,B-25986,2021-06-11,2021,2,6,June,2021-06,1,1,Tyrone White,San Diego,California,Furniture,Sofas,EMI,8,1314.0,457.0
257,B-26678,2021-06-11,2021,2,6,June,2021-06,1,1,Mr. Jack Mercado,Cincinnati,Ohio,Electronics,Electronic Games,Debit Card,1,6934.0,1226.0
258,B-25991,2021-06-13,2021,2,6,June,2021-06,1,1,Kyle Hernandez,Dallas,Texas,Electronics,Electronic Games,Credit Card,3,3436.0,933.0
259,B-26136,2021-06-13,2021,2,6,June,2021-06,1,1,Ronald Good,Miami,Florida,Office Supplies,Binders,Credit Card,18,9144.0,2220.0
260,B-25966,2021-06-14,2021,2,6,June,2021-06,1,1,Paul Taylor,San Francisco,California,Furniture,Bookcases,Debit Card,9,6093.0,3042.0
261,B-26508,2021-06-15,2021,2,6,June,2021-06,1,1,Eric Stevens,Miami,Florida,Electronics,Laptops,Credit Card,16,9204.0,3289.0
262,B-26508,2021-06-15,2021,2,6,June,2021-06,1,1,Eric Stevens,Miami,Florida,Office Supplies,Paper,EMI,20,9894.0,3698.0
263,B-25836,2021-06-17,2021,2,6,June,2021-06,1,1,Jesus Hernandez,Los Angeles,California,Furniture,Bookcases,Debit Card,15,2695.0,914.0
264,B-26470,2021-06-18,2021,2,6,June,2021-06,1,1,Christine Mosley,Cincinnati,Ohio,Furniture,Tables,EMI,6,3090.0,573.0
265,B-26470,2021-06-18,2021,2,6,June,2021-06,1,1,Christine Mosley,Cincinnati,Ohio,Electronics,Printers,UPI,5,9683.0,1014.0
266,B-25430,2021-06-27,2021,2,6,June,2021-06,1,1,Michael Rivera,Los Angeles,California,Furniture,Sofas,COD,11,7169.0,2385.0
267,B-25430,2021-06-27,2021,2,6,June,2021-06,1,1,Michael Rivera,Los Angeles,California,Furniture,Chairs,Credit Card,18,4046.0,417.0
268,B-25189,2021-07-05,2021,3,7,July,2021-07,1,1,Brandi Garcia,San Francisco,California,Office Supplies,Paper,EMI,4,7620.0,125.0
269,B-26837,2021-07-08,2021,3,7,July,2021-07,1,1,Larry Hill,New York City,New York,Office Supplies,Paper,Credit Card,14,869.0,373.0
270,B-26837,2021-07-08,2021,3,7,July,2021-07,1,1,Larry Hill,New York City,New York,Furniture,Bookcases,UPI,7,1486.0,114.0
271,B-26240,2021-07-09,2021,3,7,July,2021-07,1,1,Michael Williams,Springfield,Illinois,Office Supplies,Markers,EMI,15,8042.0,936.0
272,B-25665,2021-07-12,2021,3,7,July,2021-07,1,1,Carlos Wheeler,Cleveland,Ohio,Electronics,Electronic Games,Debit Card,18,8962.0,2444.0
273,B-25241,2021-07-18,2021,3,7,July,2021-07,1,1,John Munoz,Dallas,Texas,Office Supplies,Pens,EMI,17,9905.0,633.0
274,B-25971,2021-07-18,2021,3,7,July,2021-07,1,1,Kelly Pacheco,Houston,Texas,Office Supplies,Paper,Debit Card,6,8194.0,2881.0
275,B-26279,2021-07-21,2021,3,7,July,2021-07,1,1,Jamie Santos,Los Angeles,California,Office Supplies,Markers,Credit Card,5,3747.0,410.0
276,B-26279,2021-07-21,2021,3,7,July,2021-07,1,1,Jamie Santos,Los Angeles,California,Office Supplies,Binders,UPI,4,3194.0,534.0
277,B-25437,2021-07-25,2021,3,7,July,2021-07,1,1,Jillian Johnson Md,San Diego,California,Electronics,Laptops,Credit Card,3,4688.0,1841.0
278,B-26776,2021-07-25,2021,3,7,July,2021-07,1,1,Robert Stone,Buffalo,New York,Electronics,Electronic Games,UPI,5,9726.0,1275.0
279,B-26776,2021-07-25,2021,3,7,July,2021-07,1,1,Robert Stone,Buffalo,New York,Electronics,Printers,UPI,14,4975.0,1330.0
280,B-26843,2021-07-31,2021,3,7,July,2021-07,1,1,Megan Williams,Dallas,Texas,Electronics,Printers,EMI,19,4591.0,1941.0
281,B-26843,2021-07-31,2021,3,7,July,2021-07,1,1,Megan Williams,Dallas,Texas,Office Supplies,Pens,Credit Card,17,9612.0,2572.0
282,B-26545,2021-08-02,2021,3,8,August,2021-08,1,1,Brent Thomas,Peoria,Illinois,Office Supplies,Markers,EMI,20,537.0,142.0
283,B-26317,2021-08-06,2021,3,8,August,2021-08,1,1,Laura Poole,Rochester,New York,Office Supplies,Pens,Debit Card,20,2284.0,149.0
284,B-26906,2021-08-09,2021,3,8,August,2021-08,1,1,Brianna Hunt,Miami,Florida,Office Supplies,Markers,Credit Card,4,3665.0,802.0
285,B-26402,2021-08-10,2021,3,8,August,2021-08,1,1,Christina Scott,Tampa,Florida,Furniture,Sofas,COD,6,4314.0,1453.0
286,B-25258,2021-08-12,2021,3,8,August,2021-08,1,1,Sheila Clay,Buffalo,New York,Furniture,Sofas,UPI,10,6951.0,164.0
287,B-26939,2021-08-12,2021,3,8,August,2021-08,1,1,Theresa Medina,Springfield,Illinois,Furniture,Tables,Debit Card,12,4920.0,775.0
288,B-26939,2021-08-12,2021,3,8,August,2021-08,1,1,Theresa Medina,Springfield,Illinois,Furniture,Bookcases,EMI,15,9078.0,2213.0
289,B-25541,2021-08-13,2021,3,8,August,2021-08,1,1,Michael Hanson,Rochester,New York,Furniture,Bookcases,UPI,10,2401.0,1163.0
290,B-25541,2021-08-13,2021,3,8,August,2021-08,1,1,Michael Hanson,Rochester,New York,Electronics,Phones,Debit Card,11,1045.0,267.0
291,B-25326,2021-08-17,2021,3,8,August,2021-08,1,1,Charlene Brown,Miami,Florida,Furniture,Tables,COD,16,5578.0,277.0
292,B-25827,2021-08-17,2021,3,8,August,2021-08,1,1,Amanda Ramirez,Dallas,Texas,Furniture,Tables,COD,4,1786.0,224.0
293,B-26819,2021-08-17,2021,3,8,August,2021-08,1,1,Debra Richards,Tampa,Florida,Electronics,Phones,Debit Card,1,8762.0,3502.0
294,B-25709,2021-08-19,2021,3,8,August,2021-08,1,1,Denise Mcdaniel,Los Angeles,California,Office Supplies,Paper,UPI,15,1109.0,418.0
295,B-26366,2021-08-21,2021,3,8,August,2021-08,1,1,James Mendoza,Cleveland,Ohio,Office Supplies,Binders,COD,11,4706.0,594.0
296,B-26366,2021-08-21,2021,3,8,August,2021-08,1,1,James Mendoza,Cleveland,Ohio,Office Supplies,Markers,UPI,6,6584.0,371.0
297,B-25944,2021-08-24,2021,3,8,August,2021-08,1,1,Angelica Lewis,New York City,New York,Electronics,Laptops,Credit Card,14,5954.0,2640.0
298,B-25156,2021-08-29,2021,3,8,August,2021-08,1,1,Tom Lawson,Buffalo,New York,Furniture,Chairs,Credit Card,16,9820.0,793.0
299,B-25483,2021-09-06,2021,3,9,September,2021-09,1,1,Carrie Alvarez,Peoria,Illinois,Furniture,Bookcases,Debit Card,9,3129.0,55.0
300,B-25483,2021-09-06,2021,3,9,September,2021-09,1,1,Carrie Alvarez,Peoria,Illinois,Electronics,Laptops,EMI,13,7821.0,3821.0
301,B-25564,2021-09-06,2021,3,9,September,2021-09,1,1,Susan Wright,Los Angeles,California,Office Supplies,Paper,EMI,8,2451.0,342.0
302,B-25915,2021-09-08,2021,3,9,September,2021-09,1,1,Stacey Miller,San Diego,California,Office Supplies,Binders,COD,10,3433.0,1169.0
303,B-25915,2021-09-08,2021,3,9,September,2021-09,1,1,Stacey Miller,San Diego,California,Office Supplies,Binders,Debit Card,1,3887.0,1490.0
304,B-26678,2021-09-08,2021,3,9,September,2021-09,1,1,Christian Jones,Rochester,New York,Electronics,Electronic Games,Debit Card,1,6934.0,1226.0
305,B-25915,2021-09-09,2021,3,9,September,2021-09,1,1,Amy Olsen,Springfield,Illinois,Office Supplies,Binders,COD,10,3433.0,1169.0
306,B-25915,2021-09-09,2021,3,9,September,2021-09,1,1,Amy Olsen,Springfield,Illinois,Office Supplies,Binders,Debit Card,1,3887.0,1490.0
307,B-25596,2021-09-14,2021,3,9,September,2021-09,1,1,Steven Proctor,Austin,Texas,Electronics,Phones,Credit Card,20,6707.0,1041.0
308,B-26312,2021-09-15,2021,3,9,September,2021-09,1,1,Jonathan Alvarez,Columbus,Ohio,Furniture,Sofas,Debit Card,16,1760.0,619.0
309,B-26312,2021-09-15,2021,3,9,September,2021-09,1,1,Jonathan Alvarez,Columbus,Ohio,Electronics,Printers,UPI,15,6351.0,986.0
310,B-26845,2021-09-30,2021,3,9,September,2021-09,1,1,Shannon Patterson,Springfield,Illinois,Office Supplies,Pens,COD,13,7633.0,184.0
311,B-25241,2021-10-02,2021,4,10,October,2021-10,1,1,David Clark,Tampa,Florida,Office Supplies,Pens,EMI,17,9905.0,633.0
312,B-25757,2021-10-04,2021,4,10,October,2021-10,1,1,Ms. Kim Jordan,Chicago,Illinois,Office Supplies,Paper,EMI,4,7560.0,821.0
313,B-26563,2021-10-04,2021,4,10,October,2021-10,1,1,Lauren Howell,Buffalo,New York,Furniture,Tables,Debit Card,5,4314.0,1591.0
314,B-25794,2021-10-05,2021,4,10,October,2021-10,1,1,Amber Flowers,Tampa,Florida,Furniture,Bookcases,COD,16,7417.0,1334.0
315,B-25298,2021-10-06,2021,4,10,October,2021-10,1,1,Carolyn Gonzalez,Miami,Florida,Office Supplies,Markers,COD,6,8104.0,1039.0
316,B-26041,2021-10-06,2021,4,10,October,2021-10,1,1,Jerry Alvarado,New York City,New York,Electronics,Phones,COD,12,9498.0,256.0
317,B-25936,2021-10-09,2021,4,10,October,2021-10,1,1,Patrick Williams,Rochester,New York,Office Supplies,Pens,Debit Card,20,9992.0,3696.0
318,B-25936,2021-10-09,2021,4,10,October,2021-10,1,1,Patrick Williams,Rochester,New York,Office Supplies,Binders,UPI,7,9619.0,3420.0
319,B-26942,2021-10-09,2021,4,10,October,2021-10,1,1,Clayton Smith,Miami,Florida,Office Supplies,Pens,Debit Card,12,1525.0,185.0
320,B-26470,2021-10-12,2021,4,10,October,2021-10,1,1,Elizabeth King,Dallas,Texas,Furniture,Tables,EMI,6,3090.0,573.0
321,B-26470,2021-10-12,2021,4,10,October,2021-10,1,1,Elizabeth King,Dallas,Texas,Electronics,Printers,UPI,5,9683.0,1014.0
322,B-25901,2021-10-17,2021,4,10,October,2021-10,1,1,Leslie Bean,Springfield,Illinois,Office Supplies,Paper,UPI,16,9883.0,4812.0
323,B-25901,2021-10-17,2021,4,10,October,2021-10,1,1,Leslie Bean,Springfield,Illinois,Office Supplies,Paper,UPI,7,5210.0,1185.0
324,B-25768,2021-10-19,2021,4,10,October,2021-10,1,1,Ricardo Dixon,Springfield,Illinois,Furniture,Bookcases,UPI,10,5354.0,743.0
325,B-26095,2021-10-20,2021,4,10,October,2021-10,1,1,Leroy Harris,Houston,Texas,Office Supplies,Markers,UPI,16,9406.0,1137.0
326,B-26095,2021-10-20,2021,4,10,October,2021-10,1,1,Leroy Harris,Houston,Texas,Electronics,Printers,EMI,15,1156.0,74.0
327,B-26528,2021-10-23,2021,4,10,October,2021-10,1,1,Megan Davis,Cleveland,Ohio,Furniture,Sofas,COD,19,2663.0,64.0
328,B-26800,2021-10-23,2021,4,10,October,2021-10,1,1,Anthony Williams,Rochester,New York,Electronics,Electronic Games,UPI,11,8568.0,2419.0
329,B-26800,2021-10-23,2021,4,10,October,2021-10,1,1,Anthony Williams,Rochester,New York,Office Supplies,Pens,EMI,6,3283.0,71.0
330,B-25849,2021-10-26,2021,4,10,October,2021-10,1,1,William Russell,Austin,Texas,Office Supplies,Paper,Debit Card,2,2901.0,1411.0
331,B-25849,2021-10-26,2021,4,10,October,2021-10,1,1,William Russell,Austin,Texas,Office Supplies,Pens,Credit Card,6,6934.0,1152.0
332,B-25574,2021-10-29,2021,4,10,October,2021-10,1,1,Jacob Torres,Houston,Texas,Electronics,Printers,Debit Card,7,5313.0,2037.0
333,B-26961,2021-10-29,2021,4,10,October,2021-10,1,1,Johnny Hill,San Diego,California,Furniture,Sofas,Debit Card,5,5193.0,2530.0
334,B-25829,2021-10-31,2021,4,10,October,2021-10,1,1,Anthony Barnett,Peoria,Illinois,Furniture,Bookcases,Credit Card,2,9640.0,2606.0
335,B-25398,2021-11-01,2021,4,11,November,2021-11,1,1,Heather Bell,San Francisco,California,Electronics,Printers,COD,13,9215.0,767.0
336,B-25602,2021-11-06,2021,4,11,November,2021-11,1,1,Rhonda Harris,Orlando,Florida,Office Supplies,Pens,Debit Card,9,4853.0,1764.0
337,B-26516,2021-11-11,2021,4,11,November,2021-11,1,1,Deborah Hoffman,Miami,Florida,Electronics,Electronic Games,EMI,15,8590.0,3565.0
338,B-26516,2021-11-11,2021,4,11,November,2021-11,1,1,Deborah Hoffman,Miami,Florida,Furniture,Tables,COD,10,6973.0,3038.0
339,B-25142,2021-11-12,2021,4,11,November,2021-11,1,1,Marc Strickland,Orlando,Florida,Furniture,Bookcases,Debit Card,15,6940.0,253.0
340,B-25142,2021-11-12,2021,4,11,November,2021-11,1,1,Marc Strickland,Orlando,Florida,Electronics,Printers,UPI,5,5105.0,465.0
341,B-25564,2021-11-12,2021,4,11,November,2021-11,1,1,Kayla Banks,Cincinnati,Ohio,Office Supplies,Paper,EMI,8,2451.0,342.0
342,B-25953,2021-11-13,2021,4,11,November,2021-11,1,1,Sydney Walls,Chicago,Illinois,Office Supplies,Binders,UPI,19,6690.0,1001.0
343,B-25953,2021-11-13,2021,4,11,November,2021-11,1,1,Sydney Walls,Chicago,Illinois,Furniture,Bookcases,Credit Card,10,4985.0,1920.0
344,B-26137,2021-11-13,2021,4,11,November,2021-11,1,1,Richard Maynard,Cincinnati,Ohio,Electronics,Printers,Credit Card,4,3423.0,804.0
345,B-25369,2021-11-16,2021,4,11,November,2021-11,1,1,Mr. Daniel Wilson,Cincinnati,Ohio,Electronics,Laptops,Credit Card,9,1579.0,602.0
346,B-25369,2021-11-16,2021,4,11,November,2021-11,1,1,Mr. Daniel Wilson,Cincinnati,Ohio,Furniture,Chairs,EMI,19,3760.0,1849.0
347,B-26332,2021-11-16,2021,4,11,November,2021-11,1,1,Nicholas Anderson,Orlando,Florida,Furniture,Tables,COD,16,9835.0,2571.0
348,B-26332,2021-11-16,2021,4,11,November,2021-11,1,1,Nicholas Anderson,Orlando,Florida,Office Supplies,Markers,Credit Card,13,9691.0,3056.0
349,B-26332,2021-11-16,2021,4,11,November,2021-11,1,1,Nicholas Anderson,Orlando,Florida,Furniture,Bookcases,UPI,14,7826.0,1221.0
350,B-26145,2021-11-20,2021,4,11,November,2021-11,1,1,Deborah Williams,Chicago,Illinois,Furniture,Sofas,COD,12,7441.0,867.0
351,B-26716,2021-11-20,2021,4,11,November,2021-11,1,1,Marcus Santiago,Buffalo,New York,Furniture,Sofas,UPI,16,1314.0,490.0
352,B-26716,2021-11-20,2021,4,11,November,2021-11,1,1,Marcus Santiago,Buffalo,New York,Furniture,Tables,Debit Card,1,4390.0,179.0
353,B-26716,2021-11-20,2021,4,11,November,2021-11,1,1,Marcus Santiago,Buffalo,New York,Office Supplies,Binders,Debit Card,7,1150.0,58.0
354,B-25303,2021-11-23,2021,4,11,November,2021-11,1,1,Darren Perez,Austin,Texas,Furniture,Sofas,COD,11,770.0,241.0
355,B-25298,2021-11-24,2021,4,11,November,2021-11,1,1,Lisa Mcintyre,Orlando,Florida,Office Supplies,Markers,COD,6,8104.0,1039.0
356,B-26293,2021-11-26,2021,4,11,November,2021-11,1,1,Michael Hunt,Dallas,Texas,Furniture,Tables,Credit Card,8,9768.0,4518.0
357,B-26293,2021-11-26,2021,4,11,November,2021-11,1,1,Michael Hunt,Dallas,Texas,Furniture,Sofas,Debit Card,5,4968.0,934.0
358,B-26293,2021-11-26,2021,4,11,November,2021-11,1,1,Michael Hunt,Dallas,Texas,Electronics,Laptops,EMI,4,1731.0,149.0
359,B-25810,2021-11-27,2021,4,11,November,2021-11,1,1,Kendra Mckinney,Miami,Florida,Furniture,Chairs,Credit Card,5,1894.0,275.0
360,B-25810,2021-11-27,2021,4,11,November,2021-11,1,1,Kendra Mckinney,Miami,Florida,Electronics,Electronic Games,Credit Card,13,7144.0,192.0
361,B-26726,2021-11-29,2021,4,11,November,2021-11,1,1,Lynn Reynolds,Cincinnati,Ohio,Electronics,Electronic Games,Debit Card,19,7213.0,508.0
362,B-26726,2021-11-29,2021,4,11,November,2021-11,1,1,Lynn Reynolds,Cincinnati,Ohio,Furniture,Tables,EMI,9,3176.0,586.0
363,B-26712,2021-12-01,2021,4,12,December,2021-12,1,1,Emma Bruce,Austin,Texas,Office Supplies,Markers,UPI,1,5196.0,2477.0
364,B-26712,2021-12-01,2021,4,12,December,2021-12,1,1,Emma Bruce,Austin,Texas,Furniture,Bookcases,Debit Card,19,6586.0,1794.0
365,B-26988,2021-12-03,2021,4,12,December,2021-12,1,1,Ms. Barbara Cervantes,Rochester,New York,Office Supplies,Markers,COD,18,6255.0,437.0
366,B-26988,2021-12-03,2021,4,12,December,2021-12,1,1,Ms. Barbara Cervantes,Rochester,New York,Electronics,Electronic Games,UPI,20,2109.0,681.0
367,B-26244,2021-12-05,2021,4,12,December,2021-12,1,1,William Welch,Orlando,Florida,Office Supplies,Paper,EMI,8,7340.0,2271.0
368,B-26244,2021-12-05,2021,4,12,December,2021-12,1,1,William Welch,Orlando,Florida,Electronics,Phones,EMI,1,5442.0,1610.0
369,B-25182,2021-12-07,2021,4,12,December,2021-12,1,1,Natalie Maxwell,New York City,New York,Furniture,Chairs,Credit Card,11,1397.0,686.0
370,B-26420,2021-12-07,2021,4,12,December,2021-12,1,1,Lisa Farmer,Houston,Texas,Furniture,Sofas,Debit Card,14,4897.0,1001.0
371,B-26464,2021-12-12,2021,4,12,December,2021-12,1,1,Brian Green,San Diego,California,Electronics,Laptops,EMI,13,5704.0,714.0
372,B-26464,2021-12-12,2021,4,12,December,2021-12,1,1,Brian Green,San Diego,California,Furniture,Tables,UPI,8,8797.0,1010.0
373,B-26464,2021-12-12,2021,4,12,December,2021-12,1,1,Brian Green,San Diego,California,Electronics,Laptops,Debit Card,5,9236.0,2899.0
374,B-26767,2021-12-13,2021,4,12,December,2021-12,1,1,Dennis Rivera,San Francisco,California,Furniture,Bookcases,COD,19,6724.0,1539.0
375,B-25492,2021-12-14,2021,4,12,December,2021-12,1,1,Tina Blake,Buffalo,New York,Furniture,Chairs,EMI,14,9279.0,552.0
376,B-25492,2021-12-14,2021,4,12,December,2021-12,1,1,Tina Blake,Buffalo,New York,Office Supplies,Paper,Credit Card,19,2596.0,1003.0
377,B-26232,2021-12-17,2021,4,12,December,2021-12,1,1,Alexander Reed,New York City,New York,Office Supplies,Binders,COD,20,5219.0,1180.0
378,B-25099,2021-12-22,2021,4,12,December,2021-12,1,1,William Valdez,San Diego,California,Office Supplies,Pens,COD,18,975.0,224.0
379,B-25099,2021-12-22,2021,4,12,December,2021-12,1,1,William Valdez,San Diego,California,Furniture,Tables,EMI,7,4492.0,1450.0
380,B-25099,2021-12-22,2021,4,12,December,2021-12,1,1,William Valdez,San Diego,California,Furniture,Chairs,UPI,12,7957.0,2834.0
381,B-25222,2021-12-24,2021,4,12,December,2021-12,1,1,Cynthia Meyer,Tampa,Florida,Furniture,Tables,EMI,2,4852.0,218.0
382,B-26367,2021-12-25,2021,4,12,December,2021-12,1,1,Richard Gardner,Columbus,Ohio,Office Supplies,Pens,COD,19,7105.0,2782.0
383,B-26409,2021-12-28,2021,4,12,December,2021-12,1,1,John James,Columbus,Ohio,Furniture,Sofas,Credit Card,1,3024.0,1353.0
384,B-25517,2021-12-29,2021,4,12,December,2021-12,1,1,Tamara Guzman,Buffalo,New York,Furniture,Bookcases,EMI,19,6732.0,911.0
385,B-25517,2021-12-29,2021,4,12,December,2021-12,1,1,Tamara Guzman,Buffalo,New York,Office Supplies,Pens,EMI,14,4495.0,1408.0
386,B-25292,2021-12-31,2021,4,12,December,2021-12,1,1,Michelle Guerra,New York City,New York,Office Supplies,Paper,Credit Card,19,3189.0,1180.0
387,B-26035,2021-12-31,2021,4,12,December,2021-12,1,1,Megan Mack,Austin,Texas,Electronics,Electronic Games,Debit Card,3,1281.0,340.0
388,B-26035,2021-12-31,2021,4,12,December,2021-12,1,1,Megan Mack,Austin,Texas,Electronics,Laptops,COD,15,2404.0,253.0
389,B-26428,2022-01-02,2022,1,1,January,2022-01,1,1,Brandon Anderson,Austin,Texas,Electronics,Laptops,Credit Card,11,706.0,197.0
390,B-25383,2022-01-04,2022,1,1,January,2022-01,1,1,Ashley Freeman,Tampa,Florida,Furniture,Chairs,Credit Card,8,5410.0,2456.0
391,B-25730,2022-01-05,2022,1,1,January,2022-01,1,1,Justin Rodriguez,Cleveland,Ohio,Office Supplies,Binders,COD,8,8293.0,2632.0
392,B-25730,2022-01-05,2022,1,1,January,2022-01,1,1,Justin Rodriguez,Cleveland,Ohio,Electronics,Phones,UPI,17,2863.0,205.0
393,B-26912,2022-01-08,2022,1,1,January,2022-01,1,1,Michelle Sullivan,Chicago,Illinois,Furniture,Tables,Debit Card,9,8752.0,1686.0
394,B-25398,2022-01-10,2022,1,1,January,2022-01,1,1,Sandra Perkins,Tampa,Florida,Electronics,Printers,COD,13,9215.0,767.0
395,B-25925,2022-01-11,2022,1,1,January,2022-01,1,1,Ronald Mckinney,Austin,Texas,Office Supplies,Pens,Credit Card,1,3022.0,384.0
396,B-25925,2022-01-11,2022,1,1,January,2022-01,1,1,Ronald Mckinney,Austin,Texas,Electronics,Electronic Games,Debit Card,13,5266.0,1111.0
397,B-25738,2022-01-13,2022,1,1,January,2022-01,1,1,Teresa Perez,Austin,Texas,Office Supplies,Markers,COD,18,9909.0,2999.0
398,B-25744,2022-01-14,2022,1,1,January,2022-01,1,1,Sherry Tran,Buffalo,New York,Office Supplies,Binders,Credit Card,12,8438.0,3427.0
399,B-25744,2022-01-14,2022,1,1,January,2022-01,1,1,Sherry Tran,Buffalo,New York,Electronics,Electronic Games,UPI,9,1689.0,109.0
400,B-25744,2022-01-14,2022,1,1,January,2022-01,1,1,Sherry Tran,Buffalo,New York,Office Supplies,Paper,COD,14,3936.0,1626.0
401,B-26964,2022-01-14,2022,1,1,January,2022-01,1,1,Abigail Brown,Los Angeles,California,Office Supplies,Pens,Credit Card,15,3522.0,898.0
402,B-25223,2022-01-15,2022,1,1,January,2022-01,1,1,Heidi Davis,Buffalo,New York,Office Supplies,Paper,COD,1,3099.0,479.0
403,B-25223,2022-01-15,2022,1,1,January,2022-01,1,1,Heidi Davis,Buffalo,New York,Electronics,Phones,COD,7,2521.0,906.0
404,B-25394,2022-01-15,2022,1,1,January,2022-01,1,1,Richard Wolfe,Columbus,Ohio,Office Supplies,Pens,Debit Card,20,3686.0,760.0
405,B-26116,2022-01-15,2022,1,1,January,2022-01,1,1,Jeremy Jackson,Dallas,Texas,Furniture,Sofas,EMI,1,6389.0,734.0
406,B-25112,2022-01-16,2022,1,1,January,2022-01,1,1,Melissa Morales,Houston,Texas,Furniture,Tables,COD,10,7421.0,958.0
407,B-26121,2022-01-16,2022,1,1,January,2022-01,1,1,Jon Banks,Tampa,Florida,Furniture,Bookcases,UPI,1,1126.0,55.0
408,B-25228,2022-01-17,2022,1,1,January,2022-01,1,1,Dr. Thomas Peterson,San Diego,California,Electronics,Laptops,EMI,19,6061.0,2121.0
409,B-25038,2022-01-18,2022,1,1,January,2022-01,1,1,Pamela Jones,New York City,New York,Furniture,Chairs,Debit Card,2,738.0,342.0
410,B-25763,2022-01-18,2022,1,1,January,2022-01,1,1,Clayton Lara,Miami,Florida,Office Supplies,Pens,UPI,4,2349.0,319.0
411,B-25763,2022-01-18,2022,1,1,January,2022-01,1,1,Clayton Lara,Miami,Florida,Furniture,Chairs,UPI,14,8220.0,3882.0
412,B-25763,2022-01-18,2022,1,1,January,2022-01,1,1,Clayton Lara,Miami,Florida,Furniture,Chairs,Debit Card,7,2379.0,279.0
413,B-25763,2022-01-18,2022,1,1,January,2022-01,1,1,Clayton Lara,Miami,Florida,Office Supplies,Markers,UPI,4,7377.0,2049.0
414,B-26965,2022-01-18,2022,1,1,January,2022-01,1,1,Jordan Krause,Cleveland,Ohio,Electronics,Laptops,Debit Card,13,1592.0,480.0
415,B-26112,2022-01-19,2022,1,1,January,2022-01,1,1,Raymond Burgess,San Diego,California,Furniture,Bookcases,COD,5,1476.0,247.0
416,B-25777,2022-01-20,2022,1,1,January,2022-01,1,1,Eric Adams,Springfield,Illinois,Electronics,Printers,Credit Card,7,6236.0,2839.0
417,B-26296,2022-01-20,2022,1,1,January,2022-01,1,1,Aaron Dunn,Springfield,Illinois,Electronics,Phones,Debit Card,6,7644.0,2428.0
418,B-26703,2022-01-23,2022,1,1,January,2022-01,1,1,Juan Erickson,Austin,Texas,Electronics,Electronic Games,EMI,17,4206.0,1821.0
419,B-26735,2022-01-25,2022,1,1,January,2022-01,1,1,Bruce Dennis,Austin,Texas,Electronics,Laptops,COD,6,2078.0,612.0
420,B-26464,2022-02-03,2022,1,2,February,2022-02,1,1,Zachary Perez,Austin,Texas,Electronics,Laptops,EMI,13,5704.0,714.0
421,B-26464,2022-02-03,2022,1,2,February,2022-02,1,1,Zachary Perez,Austin,Texas,Furniture,Tables,UPI,8,8797.0,1010.0
422,B-26464,2022-02-03,2022,1,2,February,2022-02,1,1,Zachary Perez,Austin,Texas,Electronics,Laptops,Debit Card,5,9236.0,2899.0
423,B-25566,2022-02-04,2022,1,2,February,2022-02,1,1,Susan Valdez,New York City,New York,Furniture,Chairs,Debit Card,16,3877.0,481.0
424,B-26552,2022-02-06,2022,1,2,February,2022-02,1,1,Olivia Orozco,Austin,Texas,Electronics,Electronic Games,Credit Card,10,2804.0,936.0
425,B-25064,2022-02-10,2022,1,2,February,2022-02,1,1,Kimberly Johnson,Buffalo,New York,Furniture,Chairs,EMI,9,6109.0,3040.0
426,B-25064,2022-02-10,2022,1,2,February,2022-02,1,1,Kimberly Johnson,Buffalo,New York,Electronics,Electronic Games,UPI,17,4628.0,1491.0
427,B-26643,2022-02-11,2022,1,2,February,2022-02,1,1,John Williams,Miami,Florida,Electronics,Electronic Games,Debit Card,7,7344.0,2251.0
428,B-26643,2022-02-11,2022,1,2,February,2022-02,1,1,John Williams,Miami,Florida,Office Supplies,Paper,COD,3,7306.0,1547.0
429,B-26643,2022-02-11,2022,1,2,February,2022-02,1,1,John Williams,Miami,Florida,Electronics,Printers,COD,10,5832.0,2588.0
430,B-25955,2022-02-15,2022,1,2,February,2022-02,1,1,Alexander Adams,Buffalo,New York,Office Supplies,Markers,Debit Card,4,655.0,297.0
431,B-26659,2022-02-18,2022,1,2,February,2022-02,1,1,Samuel Little Md,Chicago,Illinois,Furniture,Sofas,Credit Card,4,526.0,83.0
432,B-26792,2022-02-19,2022,1,2,February,2022-02,1,1,Alejandro Williams,Springfield,Illinois,Office Supplies,Pens,EMI,3,3288.0,1477.0
433,B-26598,2022-02-22,2022,1,2,February,2022-02,1,1,James Carter,Columbus,Ohio,Electronics,Printers,Credit Card,17,1093.0,397.0
434,B-26598,2022-02-22,2022,1,2,February,2022-02,1,1,James Carter,Columbus,Ohio,Office Supplies,Paper,Debit Card,11,2636.0,88.0
435,B-26185,2022-02-23,2022,1,2,February,2022-02,1,1,Dr. Sarah Booth,Cincinnati,Ohio,Electronics,Electronic Games,Credit Card,5,1591.0,727.0
436,B-26747,2022-02-23,2022,1,2,February,2022-02,1,1,Amy Wilson,Los Angeles,California,Electronics,Printers,Credit Card,4,3574.0,851.0
437,B-26747,2022-02-23,2022,1,2,February,2022-02,1,1,Amy Wilson,Los Angeles,California,Furniture,Sofas,UPI,13,576.0,76.0
438,B-26277,2022-02-24,2022,1,2,February,2022-02,1,1,Matthew Harris,Dallas,Texas,Furniture,Tables,COD,7,2323.0,727.0
439,B-26277,2022-02-24,2022,1,2,February,2022-02,1,1,Matthew Harris,Dallas,Texas,Furniture,Bookcases,UPI,9,1368.0,406.0
440,B-26730,2022-02-26,2022,1,2,February,2022-02,1,1,David Smith,Orlando,Florida,Furniture,Tables,Debit Card,10,6139.0,451.0
441,B-26730,2022-02-26,2022,1,2,February,2022-02,1,1,David Smith,Orlando,Florida,Furniture,Chairs,COD,3,8636.0,3192.0
442,B-26730,2022-02-26,2022,1,2,February,2022-02,1,1,David Smith,Orlando,Florida,Furniture,Sofas,Credit Card,19,4439.0,1712.0
443,B-25830,2022-02-28,2022,1,2,February,2022-02,1,1,Andrew Benson,Orlando,Florida,Office Supplies,Binders,UPI,10,3839.0,1415.0
444,B-26069,2022-02-28,2022,1,2,February,2022-02,1,1,Jeffrey Wilcox,Peoria,Illinois,Office Supplies,Markers,EMI,11,838.0,271.0
445,B-26069,2022-02-28,2022,1,2,February,2022-02,1,1,Jeffrey Wilcox,Peoria,Illinois,Furniture,Tables,UPI,2,3577.0,699.0
446,B-25809,2022-03-08,2022,1,3,March,2022-03,1,1,Kelly Smith,Cleveland,Ohio,Electronics,Phones,UPI,18,2685.0,379.0
447,B-25809,2022-03-08,2022,1,3,March,2022-03,1,1,Kelly Smith,Cleveland,Ohio,Furniture,Chairs,UPI,14,9916.0,4602.0
448,B-25809,2022-03-08,2022,1,3,March,2022-03,1,1,Kelly Smith,Cleveland,Ohio,Electronics,Electronic Games,Credit Card,14,6184.0,50.0
449,B-25809,2022-03-08,2022,1,3,March,2022-03,1,1,Kelly Smith,Cleveland,Ohio,Office Supplies,Markers,Debit Card,8,4548.0,2135.0
450,B-26543,2022-03-15,2022,1,3,March,2022-03,1,1,Nicolas Owen,San Francisco,California,Furniture,Tables,Credit Card,16,7067.0,1943.0
451,B-25515,2022-03-16,2022,1,3,March,2022-03,1,1,Seth Rodriguez,Tampa,Florida,Office Supplies,Paper,COD,9,4468.0,1940.0
452,B-25237,2022-03-17,2022,1,3,March,2022-03,1,1,Jim Johnson,Cincinnati,Ohio,Office Supplies,Binders,COD,1,5250.0,187.0
453,B-26603,2022-03-17,2022,1,3,March,2022-03,1,1,Harold Mitchell,Austin,Texas,Electronics,Laptops,EMI,7,5944.0,2661.0
454,B-25171,2022-03-20,2022,1,3,March,2022-03,1,1,David Figueroa,Miami,Florida,Office Supplies,Markers,Credit Card,20,3234.0,1029.0
455,B-25919,2022-03-20,2022,1,3,March,2022-03,1,1,Jonathan Reed,San Francisco,California,Office Supplies,Paper,Credit Card,4,2140.0,970.0
456,B-25919,2022-03-20,2022,1,3,March,2022-03,1,1,Jonathan Reed,San Francisco,California,Electronics,Laptops,Debit Card,1,2670.0,1026.0
457,B-26610,2022-03-22,2022,1,3,March,2022-03,1,1,Meghan Rush,Cleveland,Ohio,Office Supplies,Markers,Credit Card,8,4957.0,1152.0
458,B-25465,2022-03-23,2022,1,3,March,2022-03,1,1,Tony Ray,Cleveland,Ohio,Furniture,Tables,Credit Card,16,717.0,158.0
459,B-25465,2022-03-23,2022,1,3,March,2022-03,1,1,Tony Ray,Cleveland,Ohio,Furniture,Sofas,UPI,17,508.0,177.0
460,B-25568,2022-03-25,2022,1,3,March,2022-03,1,1,Melissa Peck,Miami,Florida,Furniture,Sofas,COD,12,7811.0,1538.0
461,B-25655,2022-03-28,2022,1,3,March,2022-03,1,1,Russell Austin,New York City,New York,Electronics,Laptops,UPI,18,4099.0,52.0
462,B-25861,2022-03-28,2022,1,3,March,2022-03,1,1,Tammy Anthony,Cleveland,Ohio,Electronics,Electronic Games,Debit Card,19,9851.0,2669.0
463,B-25861,2022-03-28,2022,1,3,March,2022-03,1,1,Tammy Anthony,Cleveland,Ohio,Furniture,Tables,Debit Card,14,9989.0,3930.0
464,B-26259,2022-03-29,2022,1,3,March,2022-03,1,1,Douglas Mcfarland,Cleveland,Ohio,Furniture,Chairs,UPI,10,1757.0,622.0
465,B-26240,2022-04-08,2022,2,4,April,2022-04,1,1,Zachary Carpenter,Los Angeles,California,Office Supplies,Markers,EMI,15,8042.0,936.0
466,B-26898,2022-04-11,2022,2,4,April,2022-04,1,1,Dean Avila,Cincinnati,Ohio,Office Supplies,Pens,Credit Card,19,2174.0,265.0
467,B-26898,2022-04-11,2022,2,4,April,2022-04,1,1,Dean Avila,Cincinnati,Ohio,Electronics,Electronic Games,Credit Card,12,8541.0,2029.0
468,B-26898,2022-04-11,2022,2,4,April,2022-04,1,1,Dean Avila,Cincinnati,Ohio,Furniture,Bookcases,EMI,3,1931.0,551.0
469,B-26224,2022-04-12,2022,2,4,April,2022-04,1,1,Mr. John Tyler Phd,Houston,Texas,Electronics,Laptops,COD,11,5564.0,175.0
470,B-26224,2022-04-12,2022,2,4,April,2022-04,1,1,Mr. John Tyler Phd,Houston,Texas,Electronics,Electronic Games,UPI,15,3953.0,1776.0
471,B-25715,2022-04-15,2022,2,4,April,2022-04,1,1,Kenneth Adams,Cleveland,Ohio,Furniture,Tables,Debit Card,19,6089.0,139.0
472,B-25715,2022-04-15,2022,2,4,April,2022-04,1,1,Kenneth Adams,Cleveland,Ohio,Furniture,Tables,UPI,16,2586.0,800.0
473,B-25715,2022-04-15,2022,2,4,April,2022-04,1,1,Kenneth Adams,Cleveland,Ohio,Office Supplies,Paper,UPI,9,3757.0,1626.0
474,B-25936,2022-04-15,2022,2,4,April,2022-04,1,1,Susan Burke,Austin,Texas,Office Supplies,Pens,Debit Card,20,9992.0,3696.0
475,B-25936,2022-04-15,2022,2,4,April,2022-04,1,1,Susan Burke,Austin,Texas,Office Supplies,Binders,UPI,7,9619.0,3420.0
476,B-26017,2022-04-16,2022,2,4,April,2022-04,1,1,Jason Martinez,Columbus,Ohio,Electronics,Printers,COD,17,5379.0,2510.0
477,B-26993,2022-04-16,2022,2,4,April,2022-04,1,1,William Villarreal,Orlando,Florida,Furniture,Bookcases,Debit Card,16,3083.0,1151.0
478,B-25496,2022-04-19,2022,2,4,April,2022-04,1,1,Maria Carroll,Cleveland,Ohio,Office Supplies,Pens,EMI,2,3095.0,941.0
479,B-25660,2022-04-19,2022,2,4,April,2022-04,1,1,Cynthia Rodriguez,Rochester,New York,Furniture,Chairs,Debit Card,4,7595.0,2873.0
480,B-26972,2022-04-19,2022,2,4,April,2022-04,1,1,Steven Haynes,Springfield,Illinois,Office Supplies,Markers,Debit Card,20,6956.0,318.0
481,B-26478,2022-04-21,2022,2,4,April,2022-04,1,1,James Tanner,Houston,Texas,Office Supplies,Markers,Credit Card,1,2542.0,190.0
482,B-26288,2022-04-23,2022,2,4,April,2022-04,1,1,James Murray,Dallas,Texas,Office Supplies,Paper,Debit Card,6,5344.0,2607.0
483,B-26059,2022-04-24,2022,2,4,April,2022-04,1,1,Wesley Deleon,Springfield,Illinois,Electronics,Laptops,COD,8,4462.0,121.0
484,B-26059,2022-04-24,2022,2,4,April,2022-04,1,1,Wesley Deleon,Springfield,Illinois,Electronics,Phones,COD,17,6212.0,1881.0
485,B-26922,2022-04-30,2022,2,4,April,2022-04,1,1,Timothy Baker,Austin,Texas,Office Supplies,Binders,EMI,10,3957.0,151.0
486,B-26839,2022-05-01,2022,2,5,May,2022-05,1,1,Sarah Wagner,Houston,Texas,Electronics,Phones,EMI,8,6034.0,608.0
487,B-26839,2022-05-01,2022,2,5,May,2022-05,1,1,Sarah Wagner,Houston,Texas,Furniture,Bookcases,Credit Card,13,8956.0,3359.0
488,B-25388,2022-05-06,2022,2,5,May,2022-05,1,1,Mark Boyle,Buffalo,New York,Furniture,Sofas,EMI,13,5047.0,2211.0
489,B-25537,2022-05-06,2022,2,5,May,2022-05,1,1,Roger Morrison,Cincinnati,Ohio,Office Supplies,Markers,Credit Card,3,6123.0,1686.0
490,B-26668,2022-05-06,2022,2,5,May,2022-05,1,1,Betty Tucker,Cincinnati,Ohio,Office Supplies,Pens,EMI,15,972.0,106.0
491,B-25662,2022-05-07,2022,2,5,May,2022-05,1,1,Lisa Lowe,Miami,Florida,Furniture,Sofas,EMI,17,5346.0,1246.0
492,B-25777,2022-05-10,2022,2,5,May,2022-05,1,1,Chad Brown,Orlando,Florida,Electronics,Printers,Credit Card,7,6236.0,2839.0
493,B-25979,2022-05-13,2022,2,5,May,2022-05,1,1,Andrew Kirby,San Diego,California,Electronics,Printers,Debit Card,2,9562.0,325.0
494,B-25815,2022-05-14,2022,2,5,May,2022-05,1,1,Jasmine Gibbs,Austin,Texas,Electronics,Laptops,EMI,4,8531.0,2555.0
495,B-25780,2022-05-15,2022,2,5,May,2022-05,1,1,Jessica Greene,New York City,New York,Electronics,Electronic Games,COD,15,5335.0,322.0
496,B-25326,2022-05-16,2022,2,5,May,2022-05,1,1,Charles Smith,Columbus,Ohio,Furniture,Tables,COD,16,5578.0,277.0
497,B-26352,2022-05-16,2022,2,5,May,2022-05,1,1,Annette Pierce,Rochester,New York,Electronics,Printers,Debit Card,3,9382.0,1085.0
498,B-26352,2022-05-16,2022,2,5,May,2022-05,1,1,Annette Pierce,Rochester,New York,Furniture,Tables,COD,19,4936.0,576.0
499,B-26803,2022-05-16,2022,2,5,May,2022-05,1,1,Elizabeth White,Rochester,New York,Electronics,Printers,UPI,12,9399.0,1949.0
500,B-26803,2022-05-16,2022,2,5,May,2022-05,1,1,Elizabeth White,Rochester,New York,Furniture,Sofas,Credit Card,4,7957.0,965.0
501,B-25681,2022-05-17,2022,2,5,May,2022-05,1,1,Robert Hill,Columbus,Ohio,Electronics,Laptops,COD,19,3854.0,245.0
502,B-26153,2022-05-18,2022,2,5,May,2022-05,1,1,Laura Yu,Houston,Texas,Furniture,Tables,Debit Card,7,4906.0,975.0
503,B-26734,2022-05-23,2022,2,5,May,2022-05,1,1,James Garcia,Buffalo,New York,Furniture,Tables,COD,17,847.0,355.0
504,B-25170,2022-05-27,2022,2,5,May,2022-05,1,1,Matthew Gardner,Tampa,Florida,Office Supplies,Binders,EMI,19,8560.0,2166.0
505,B-25170,2022-05-27,2022,2,5,May,2022-05,1,1,Matthew Gardner,Tampa,Florida,Electronics,Electronic Games,UPI,20,1031.0,318.0
506,B-26557,2022-05-30,2022,2,5,May,2022-05,1,1,Katherine Williams,Orlando,Florida,Electronics,Printers,COD,19,9057.0,1888.0
507,B-26557,2022-05-30,2022,2,5,May,2022-05,1,1,Katherine Williams,Orlando,Florida,Furniture,Tables,Credit Card,11,6864.0,3275.0
508,B-26557,2022-05-30,2022,2,5,May,2022-05,1,1,Katherine Williams,Orlando,Florida,Electronics,Laptops,COD,13,9200.0,809.0
509,B-25801,2022-06-04,2022,2,6,June,2022-06,1,1,Kerri Andrews,San Francisco,California,Electronics,Laptops,EMI,2,6829.0,2609.0
510,B-25801,2022-06-04,2022,2,6,June,2022-06,1,1,Kerri Andrews,San Francisco,California,Office Supplies,Paper,COD,12,6390.0,3089.0
511,B-25873,2022-06-05,2022,2,6,June,2022-06,1,1,Brian Wheeler,Buffalo,New York,Electronics,Electronic Games,UPI,2,2684.0,713.0
512,B-25953,2022-06-06,2022,2,6,June,2022-06,1,1,Nancy Sanchez,Springfield,Illinois,Office Supplies,Binders,UPI,19,6690.0,1001.0
513,B-25953,2022-06-06,2022,2,6,June,2022-06,1,1,Nancy Sanchez,Springfield,Illinois,Furniture,Bookcases,Credit Card,10,4985.0,1920.0
514,B-25695,2022-06-08,2022,2,6,June,2022-06,1,1,Sarah Flores,Springfield,Illinois,Electronics,Laptops,UPI,17,1239.0,575.0
515,B-25695,2022-06-08,2022,2,6,June,2022-06,1,1,Sarah Flores,Springfield,Illinois,Electronics,Electronic Games,EMI,16,1262.0,515.0
516,B-25898,2022-06-09,2022,2,6,June,2022-06,1,1,Monica Lee,San Diego,California,Furniture,Sofas,Credit Card,10,7091.0,2317.0
517,B-26332,2022-06-10,2022,2,6,June,2022-06,1,1,George Foster,Dallas,Texas,Furniture,Tables,COD,16,9835.0,2571.0
518,B-26332,2022-06-10,2022,2,6,June,2022-06,1,1,George Foster,Dallas,Texas,Office Supplies,Markers,Credit Card,13,9691.0,3056.0
519,B-26332,2022-06-10,2022,2,6,June,2022-06,1,1,George Foster,Dallas,Texas,Furniture,Bookcases,UPI,14,7826.0,1221.0
520,B-25620,2022-06-13,2022,2,6,June,2022-06,1,1,Micheal Graham,Buffalo,New York,Electronics,Laptops,Debit Card,13,721.0,258.0
521,B-25620,2022-06-13,2022,2,6,June,2022-06,1,1,Micheal Graham,Buffalo,New York,Electronics,Laptops,Credit Card,17,8364.0,3055.0
522,B-25620,2022-06-13,2022,2,6,June,2022-06,1,1,Micheal Graham,Buffalo,New York,Furniture,Bookcases,EMI,15,5234.0,2021.0
523,B-26613,2022-06-18,2022,2,6,June,2022-06,1,1,Amber Moore,New York City,New York,Electronics,Printers,UPI,11,2701.0,322.0
524,B-26613,2022-06-18,2022,2,6,June,2022-06,1,1,Amber Moore,New York City,New York,Office Supplies,Paper,COD,18,7273.0,2702.0
525,B-25972,2022-06-19,2022,2,6,June,2022-06,1,1,Willie Huynh,Buffalo,New York,Electronics,Phones,Debit Card,20,4911.0,186.0
526,B-25972,2022-06-19,2022,2,6,June,2022-06,1,1,Willie Huynh,Buffalo,New York,Furniture,Bookcases,Debit Card,20,531.0,189.0
527,B-25441,2022-06-24,2022,2,6,June,2022-06,1,1,Jeffrey Weber,Buffalo,New York,Furniture,Sofas,Credit Card,16,9914.0,3858.0
528,B-25441,2022-06-24,2022,2,6,June,2022-06,1,1,Jeffrey Weber,Buffalo,New York,Office Supplies,Pens,Debit Card,7,5470.0,292.0
529,B-25441,2022-06-24,2022,2,6,June,2022-06,1,1,Jeffrey Weber,Buffalo,New York,Furniture,Bookcases,UPI,17,1496.0,662.0
530,B-25131,2022-06-27,2022,2,6,June,2022-06,1,1,Timothy Murphy,San Francisco,California,Office Supplies,Paper,UPI,1,9654.0,4111.0
531,B-25131,2022-06-27,2022,2,6,June,2022-06,1,1,Timothy Murphy,San Francisco,California,Office Supplies,Binders,COD,20,3112.0,1065.0
532,B-26185,2022-06-27,2022,2,6,June,2022-06,1,1,Emily Gill,Springfield,Illinois,Electronics,Electronic Games,Credit Card,5,1591.0,727.0
533,B-26222,2022-06-29,2022,2,6,June,2022-06,1,1,Carol Mitchell,Chicago,Illinois,Office Supplies,Pens,Credit Card,14,8706.0,3099.0
534,B-26222,2022-06-29,2022,2,6,June,2022-06,1,1,Carol Mitchell,Chicago,Illinois,Electronics,Electronic Games,Credit Card,14,4708.0,696.0
535,B-26222,2022-06-29,2022,2,6,June,2022-06,1,1,Carol Mitchell,Chicago,Illinois,Furniture,Chairs,COD,17,8089.0,3132.0
536,B-26098,2022-07-04,2022,3,7,July,2022-07,1,1,Kyle Baker,Houston,Texas,Furniture,Tables,EMI,19,4146.0,865.0
537,B-26098,2022-07-04,2022,3,7,July,2022-07,1,1,Kyle Baker,Houston,Texas,Furniture,Tables,EMI,7,3793.0,875.0
538,B-25477,2022-07-05,2022,3,7,July,2022-07,1,1,Olivia Dickerson,Buffalo,New York,Office Supplies,Markers,COD,7,7195.0,1665.0
539,B-26257,2022-07-13,2022,3,7,July,2022-07,1,1,Elizabeth Coffey,Buffalo,New York,Furniture,Tables,Debit Card,14,5460.0,2088.0
540,B-26932,2022-07-15,2022,3,7,July,2022-07,1,1,Michael Rodriguez,Cincinnati,Ohio,Furniture,Tables,EMI,18,4364.0,148.0
541,B-26932,2022-07-15,2022,3,7,July,2022-07,1,1,Michael Rodriguez,Cincinnati,Ohio,Office Supplies,Pens,EMI,12,736.0,286.0
542,B-25526,2022-07-16,2022,3,7,July,2022-07,1,1,Hannah Hendricks,Cleveland,Ohio,Furniture,Chairs,COD,14,2666.0,559.0
543,B-26757,2022-07-16,2022,3,7,July,2022-07,1,1,William Ruiz,Miami,Florida,Electronics,Phones,Credit Card,17,6008.0,2498.0
544,B-26526,2022-07-17,2022,3,7,July,2022-07,1,1,Emma Scott,Buffalo,New York,Electronics,Phones,Credit Card,4,599.0,265.0
545,B-26526,2022-07-17,2022,3,7,July,2022-07,1,1,Emma Scott,Buffalo,New York,Furniture,Bookcases,Credit Card,10,2727.0,543.0
546,B-26987,2022-07-18,2022,3,7,July,2022-07,1,1,Lynn Matthews,Dallas,Texas,Electronics,Electronic Games,EMI,19,7643.0,3720.0
547,B-25964,2022-07-22,2022,3,7,July,2022-07,1,1,Vincent Perez,Rochester,New York,Electronics,Electronic Games,Credit Card,20,1454.0,80.0
548,B-25929,2022-07-23,2022,3,7,July,2022-07,1,1,Matthew Parker,Springfield,Illinois,Office Supplies,Binders,Credit Card,18,962.0,298.0
549,B-25662,2022-07-25,2022,3,7,July,2022-07,1,1,Eric Mason,Orlando,Florida,Furniture,Sofas,EMI,17,5346.0,1246.0
550,B-25630,2022-07-26,2022,3,7,July,2022-07,1,1,Amy Page,Columbus,Ohio,Electronics,Laptops,Debit Card,6,5951.0,936.0
551,B-25836,2022-07-28,2022,3,7,July,2022-07,1,1,Danielle Mitchell,Peoria,Illinois,Furniture,Bookcases,Debit Card,15,2695.0,914.0
552,B-26772,2022-08-01,2022,3,8,August,2022-08,1,1,Paula Marshall,Dallas,Texas,Furniture,Bookcases,COD,20,7344.0,2598.0
553,B-26899,2022-08-08,2022,3,8,August,2022-08,1,1,Christopher Jordan,Columbus,Ohio,Office Supplies,Pens,Credit Card,18,8903.0,4401.0
554,B-25283,2022-08-09,2022,3,8,August,2022-08,1,1,Luis Warner,New York City,New York,Furniture,Sofas,COD,5,5448.0,2204.0
555,B-25148,2022-08-10,2022,3,8,August,2022-08,1,1,Carrie Smith,Peoria,Illinois,Office Supplies,Markers,Debit Card,18,8141.0,3968.0
556,B-25148,2022-08-10,2022,3,8,August,2022-08,1,1,Carrie Smith,Peoria,Illinois,Furniture,Sofas,EMI,14,1067.0,251.0
557,B-25496,2022-08-11,2022,3,8,August,2022-08,1,1,Jessica Sloan,Austin,Texas,Office Supplies,Pens,EMI,2,3095.0,941.0
558,B-25901,2022-08-11,2022,3,8,August,2022-08,1,1,Veronica Kelley,Orlando,Florida,Office Supplies,Paper,UPI,16,9883.0,4812.0
559,B-25901,2022-08-11,2022,3,8,August,2022-08,1,1,Veronica Kelley,Orlando,Florida,Office Supplies,Paper,UPI,7,5210.0,1185.0
560,B-26752,2022-08-11,2022,3,8,August,2022-08,1,1,Roy Miller,San Francisco,California,Electronics,Printers,Debit Card,18,8422.0,893.0
561,B-26752,2022-08-11,2022,3,8,August,2022-08,1,1,Roy Miller,San Francisco,California,Furniture,Bookcases,Credit Card,8,6105.0,1447.0
562,B-26556,2022-08-12,2022,3,8,August,2022-08,1,1,Kimberly Greene,Orlando,Florida,Electronics,Laptops,UPI,4,1341.0,615.0
563,B-26752,2022-08-12,2022,3,8,August,2022-08,1,1,Christopher Espinoza,Columbus,Ohio,Electronics,Printers,Debit Card,18,8422.0,893.0
564,B-26752,2022-08-12,2022,3,8,August,2022-08,1,1,Christopher Espinoza,Columbus,Ohio,Furniture,Bookcases,Credit Card,8,6105.0,1447.0
565,B-26332,2022-08-17,2022,3,8,August,2022-08,1,1,Emily Ellison,Los Angeles,California,Furniture,Tables,COD,16,9835.0,2571.0
566,B-26332,2022-08-17,2022,3,8,August,2022-08,1,1,Emily Ellison,Los Angeles,California,Office Supplies,Markers,Credit Card,13,9691.0,3056.0
567,B-26332,2022-08-17,2022,3,8,August,2022-08,1,1,Emily Ellison,Los Angeles,California,Furniture,Bookcases,UPI,14,7826.0,1221.0
568,B-26393,2022-08-19,2022,3,8,August,2022-08,1,1,Stephen Hogan,San Diego,California,Electronics,Printers,Credit Card,18,2258.0,135.0
569,B-26572,2022-08-20,2022,3,8,August,2022-08,1,1,Austin Davis,San Diego,California,Furniture,Bookcases,EMI,14,5911.0,2333.0
570,B-26572,2022-08-20,2022,3,8,August,2022-08,1,1,Austin Davis,San Diego,California,Office Supplies,Markers,EMI,11,1818.0,738.0
571,B-25267,2022-08-21,2022,3,8,August,2022-08,1,1,Michael Bell,San Diego,California,Office Supplies,Binders,COD,1,9894.0,829.0
572,B-25267,2022-08-21,2022,3,8,August,2022-08,1,1,Michael Bell,San Diego,California,Furniture,Tables,COD,4,4534.0,2235.0
573,B-26033,2022-08-21,2022,3,8,August,2022-08,1,1,Keith Brooks,New York City,New York,Electronics,Phones,COD,18,6077.0,2378.0
574,B-26245,2022-08-22,2022,3,8,August,2022-08,1,1,Vincent Kramer,Orlando,Florida,Office Supplies,Paper,EMI,5,4172.0,235.0
575,B-25346,2022-08-23,2022,3,8,August,2022-08,1,1,Reginald Hebert,Cincinnati,Ohio,Furniture,Sofas,COD,8,6265.0,155.0
576,B-26166,2022-08-23,2022,3,8,August,2022-08,1,1,Cynthia Wilcox,Chicago,Illinois,Office Supplies,Binders,COD,13,2999.0,145.0
577,B-26166,2022-08-23,2022,3,8,August,2022-08,1,1,Cynthia Wilcox,Chicago,Illinois,Office Supplies,Paper,EMI,20,5142.0,1916.0
578,B-26284,2022-08-25,2022,3,8,August,2022-08,1,1,Sabrina Clark,Los Angeles,California,Electronics,Phones,UPI,14,5152.0,2045.0
579,B-25855,2022-08-28,2022,3,8,August,2022-08,1,1,Kelsey Huber,Miami,Florida,Furniture,Sofas,Credit Card,19,5263.0,1743.0
580,B-26599,2022-08-28,2022,3,8,August,2022-08,1,1,Cheryl Stevens,San Francisco,California,Furniture,Chairs,Debit Card,15,4015.0,1751.0
581,B-25936,2022-08-29,2022,3,8,August,2022-08,1,1,Brent Hernandez,Rochester,New York,Office Supplies,Pens,Debit Card,20,9992.0,3696.0
582,B-25936,2022-08-29,2022,3,8,August,2022-08,1,1,Brent Hernandez,Rochester,New York,Office Supplies,Binders,UPI,7,9619.0,3420.0
583,B-25602,2022-08-30,2022,3,8,August,2022-08,1,1,Randy Fisher,Houston,Texas,Office Supplies,Pens,Debit Card,9,4853.0,1764.0
584,B-26844,2022-08-30,2022,3,8,August,2022-08,1,1,Michelle Lynch,Springfield,Illinois,Electronics,Electronic Games,COD,14,4163.0,897.0
585,B-26878,2022-09-03,2022,3,9,September,2022-09,1,1,Nicholas Flores,Cleveland,Ohio,Electronics,Phones,Credit Card,3,1078.0,309.0
586,B-25030,2022-09-12,2022,3,9,September,2022-09,1,1,Eric Nunez,San Diego,California,Electronics,Laptops,Credit Card,6,4057.0,1012.0
587,B-25388,2022-09-16,2022,3,9,September,2022-09,1,1,Shawn Leach,Peoria,Illinois,Furniture,Sofas,EMI,13,5047.0,2211.0
588,B-26228,2022-09-16,2022,3,9,September,2022-09,1,1,Kathryn Gray,Rochester,New York,Office Supplies,Markers,UPI,13,8537.0,3586.0
589,B-25988,2022-09-19,2022,3,9,September,2022-09,1,1,Connie Holmes,Cincinnati,Ohio,Furniture,Tables,EMI,18,2463.0,648.0
590,B-25861,2022-09-22,2022,3,9,September,2022-09,1,1,Cassandra Farley,Orlando,Florida,Electronics,Electronic Games,Debit Card,19,9851.0,2669.0
591,B-25861,2022-09-22,2022,3,9,September,2022-09,1,1,Cassandra Farley,Orlando,Florida,Furniture,Tables,Debit Card,14,9989.0,3930.0
592,B-26268,2022-09-22,2022,3,9,September,2022-09,1,1,Ashley Petty,Peoria,Illinois,Office Supplies,Pens,Credit Card,13,4369.0,584.0
593,B-25823,2022-09-29,2022,3,9,September,2022-09,1,1,Kathleen Cox,New York City,New York,Office Supplies,Paper,COD,9,3228.0,476.0
594,B-25203,2022-10-04,2022,4,10,October,2022-10,1,1,Daniel Flowers,Springfield,Illinois,Furniture,Chairs,EMI,6,2321.0,505.0
595,B-26325,2022-10-06,2022,4,10,October,2022-10,1,1,James Benitez,Miami,Florida,Electronics,Phones,UPI,2,5449.0,2389.0
596,B-25436,2022-10-07,2022,4,10,October,2022-10,1,1,Anthony West,San Diego,California,Office Supplies,Markers,COD,3,8044.0,3634.0
597,B-26139,2022-10-07,2022,4,10,October,2022-10,1,1,Casey Garcia,Orlando,Florida,Furniture,Sofas,EMI,15,3958.0,630.0
598,B-26139,2022-10-07,2022,4,10,October,2022-10,1,1,Casey Garcia,Orlando,Florida,Furniture,Tables,Debit Card,1,3132.0,963.0
599,B-26592,2022-10-07,2022,4,10,October,2022-10,1,1,James Hernandez,San Francisco,California,Office Supplies,Pens,COD,1,9832.0,1270.0
600,B-26592,2022-10-07,2022,4,10,October,2022-10,1,1,James Hernandez,San Francisco,California,Office Supplies,Pens,Credit Card,15,796.0,153.0
601,B-26489,2022-10-08,2022,4,10,October,2022-10,1,1,Brett Sutton,Austin,Texas,Electronics,Laptops,COD,14,2791.0,894.0
602,B-26489,2022-10-08,2022,4,10,October,2022-10,1,1,Brett Sutton,Austin,Texas,Furniture,Sofas,Debit Card,3,6223.0,1478.0
603,B-26489,2022-10-08,2022,4,10,October,2022-10,1,1,Brett Sutton,Austin,Texas,Furniture,Chairs,Debit Card,17,8943.0,3121.0
604,B-26489,2022-10-08,2022,4,10,October,2022-10,1,1,Brett Sutton,Austin,Texas,Electronics,Phones,Credit Card,12,3297.0,102.0
605,B-25495,2022-10-12,2022,4,10,October,2022-10,1,1,Sandra Hicks,San Diego,California,Office Supplies,Paper,UPI,14,7519.0,402.0
606,B-25495,2022-10-12,2022,4,10,October,2022-10,1,1,Sandra Hicks,San Diego,California,Electronics,Electronic Games,Debit Card,13,1564.0,674.0
607,B-26656,2022-10-12,2022,4,10,October,2022-10,1,1,Michael Rodriguez,Rochester,New York,Office Supplies,Pens,EMI,7,3573.0,562.0
608,B-26656,2022-10-12,2022,4,10,October,2022-10,1,1,Michael Rodriguez,Rochester,New York,Electronics,Phones,EMI,10,8055.0,661.0
609,B-25423,2022-10-19,2022,4,10,October,2022-10,1,1,Candace Martinez,Tampa,Florida,Electronics,Printers,Credit Card,11,6385.0,2656.0
610,B-26219,2022-10-20,2022,4,10,October,2022-10,1,1,Anthony Lane,Cleveland,Ohio,Office Supplies,Markers,Credit Card,20,9386.0,2555.0
611,B-26571,2022-10-20,2022,4,10,October,2022-10,1,1,Kimberly Smith,Springfield,Illinois,Office Supplies,Paper,COD,3,7472.0,1037.0
612,B-26571,2022-10-20,2022,4,10,October,2022-10,1,1,Kimberly Smith,Springfield,Illinois,Electronics,Printers,COD,9,9548.0,1806.0
613,B-26916,2022-10-21,2022,4,10,October,2022-10,1,1,Kaylee Glover,Springfield,Illinois,Office Supplies,Pens,UPI,7,916.0,362.0
614,B-26916,2022-10-21,2022,4,10,October,2022-10,1,1,Kaylee Glover,Springfield,Illinois,Furniture,Sofas,UPI,20,1165.0,302.0
615,B-26916,2022-10-21,2022,4,10,October,2022-10,1,1,Kaylee Glover,Springfield,Illinois,Furniture,Chairs,UPI,12,7846.0,677.0
616,B-25944,2022-10-22,2022,4,10,October,2022-10,1,1,Jessica Russell,Dallas,Texas,Electronics,Laptops,Credit Card,14,5954.0,2640.0
617,B-26670,2022-10-22,2022,4,10,October,2022-10,1,1,Robert Brooks,Houston,Texas,Electronics,Printers,EMI,5,5151.0,1680.0
618,B-25394,2022-10-30,2022,4,10,October,2022-10,1,1,Tyler Park,San Francisco,California,Office Supplies,Pens,Debit Card,20,3686.0,760.0
619,B-25770,2022-10-30,2022,4,10,October,2022-10,1,1,James Taylor,Tampa,Florida,Office Supplies,Binders,COD,1,8548.0,2305.0
620,B-25962,2022-10-31,2022,4,10,October,2022-10,1,1,Donald Moore,Rochester,New York,Office Supplies,Markers,COD,3,4202.0,1171.0
621,B-26980,2022-10-31,2022,4,10,October,2022-10,1,1,Joseph Knight,Peoria,Illinois,Furniture,Bookcases,Debit Card,5,9752.0,3618.0
622,B-25316,2022-11-03,2022,4,11,November,2022-11,1,1,John Thompson,Austin,Texas,Electronics,Printers,Debit Card,12,5462.0,673.0
623,B-25043,2022-11-07,2022,4,11,November,2022-11,1,1,Austin Hammond,Miami,Florida,Electronics,Phones,Credit Card,8,2727.0,663.0
624,B-25396,2022-11-12,2022,4,11,November,2022-11,1,1,Lydia Donovan,Peoria,Illinois,Office Supplies,Pens,EMI,16,5165.0,885.0
625,B-25396,2022-11-12,2022,4,11,November,2022-11,1,1,Lydia Donovan,Peoria,Illinois,Furniture,Bookcases,EMI,4,4863.0,2394.0
626,B-25698,2022-11-13,2022,4,11,November,2022-11,1,1,Heather Parker,Austin,Texas,Electronics,Electronic Games,EMI,9,3776.0,1100.0
627,B-25006,2022-11-16,2022,4,11,November,2022-11,1,1,Jeffrey Johnson Iii,San Francisco,California,Office Supplies,Pens,Debit Card,17,5831.0,1574.0
628,B-26640,2022-11-18,2022,4,11,November,2022-11,1,1,Richard Kelley,Los Angeles,California,Electronics,Laptops,EMI,10,883.0,117.0
629,B-26640,2022-11-18,2022,4,11,November,2022-11,1,1,Richard Kelley,Los Angeles,California,Furniture,Tables,Credit Card,16,8127.0,3551.0
630,B-26259,2022-11-20,2022,4,11,November,2022-11,1,1,Kayla Ross,Peoria,Illinois,Furniture,Chairs,UPI,10,1757.0,622.0
631,B-25962,2022-11-23,2022,4,11,November,2022-11,1,1,Rachel Fisher,Peoria,Illinois,Office Supplies,Markers,COD,3,4202.0,1171.0
632,B-25234,2022-12-03,2022,4,12,December,2022-12,1,1,Andrew Barry,Peoria,Illinois,Office Supplies,Paper,UPI,2,5024.0,379.0
633,B-26046,2022-12-05,2022,4,12,December,2022-12,1,1,Charles Moore,Miami,Florida,Electronics,Electronic Games,Debit Card,20,2565.0,983.0
634,B-26046,2022-12-05,2022,4,12,December,2022-12,1,1,Charles Moore,Miami,Florida,Office Supplies,Pens,COD,19,5024.0,1544.0
635,B-26742,2022-12-05,2022,4,12,December,2022-12,1,1,Bryan Russell,Dallas,Texas,Electronics,Phones,Credit Card,19,4358.0,526.0
636,B-26742,2022-12-05,2022,4,12,December,2022-12,1,1,Bryan Russell,Dallas,Texas,Electronics,Phones,Credit Card,8,6459.0,825.0
637,B-25916,2022-12-07,2022,4,12,December,2022-12,1,1,Christina Davis,Chicago,Illinois,Electronics,Phones,UPI,7,6009.0,2107.0
638,B-25916,2022-12-07,2022,4,12,December,2022-12,1,1,Christina Davis,Chicago,Illinois,Furniture,Tables,Credit Card,3,2858.0,230.0
639,B-25916,2022-12-07,2022,4,12,December,2022-12,1,1,Christina Davis,Chicago,Illinois,Furniture,Sofas,Credit Card,7,8175.0,525.0
640,B-25916,2022-12-07,2022,4,12,December,2022-12,1,1,Christina Davis,Chicago,Illinois,Furniture,Sofas,UPI,18,5846.0,586.0
641,B-25706,2022-12-08,2022,4,12,December,2022-12,1,1,Kristen Lawson,Springfield,Illinois,Electronics,Laptops,Credit Card,10,7259.0,1969.0
642,B-25809,2022-12-08,2022,4,12,December,2022-12,1,1,Sabrina Hartman,Tampa,Florida,Electronics,Phones,UPI,18,2685.0,379.0
643,B-25809,2022-12-08,2022,4,12,December,2022-12,1,1,Sabrina Hartman,Tampa,Florida,Furniture,Chairs,UPI,14,9916.0,4602.0
644,B-25809,2022-12-08,2022,4,12,December,2022-12,1,1,Sabrina Hartman,Tampa,Florida,Electronics,Electronic Games,Credit Card,14,6184.0,50.0
645,B-25809,2022-12-08,2022,4,12,December,2022-12,1,1,Sabrina Hartman,Tampa,Florida,Office Supplies,Markers,Debit Card,8,4548.0,2135.0
646,B-26279,2022-12-08,2022,4,12,December,2022-12,1,1,Kevin Jackson,Buffalo,New York,Office Supplies,Markers,Credit Card,5,3747.0,410.0
647,B-26279,2022-12-08,2022,4,12,December,2022-12,1,1,Kevin Jackson,Buffalo,New York,Office Supplies,Binders,UPI,4,3194.0,534.0
648,B-26723,2022-12-08,2022,4,12,December,2022-12,1,1,James Dickerson,Houston,Texas,Furniture,Sofas,COD,18,5322.0,1423.0
649,B-26165,2022-12-12,2022,4,12,December,2022-12,1,1,Darryl Robbins,Peoria,Illinois,Electronics,Phones,UPI,10,6671.0,2797.0
650,B-26684,2022-12-12,2022,4,12,December,2022-12,1,1,Jesse Bond,Springfield,Illinois,Office Supplies,Markers,UPI,5,7434.0,2851.0
651,B-26298,2022-12-15,2022,4,12,December,2022-12,1,1,Jenna Holland,Austin,Texas,Electronics,Phones,EMI,8,2082.0,642.0
652,B-26121,2022-12-16,2022,4,12,December,2022-12,1,1,Michelle Williams,Buffalo,New York,Furniture,Bookcases,UPI,1,1126.0,55.0
653,B-25695,2022-12-17,2022,4,12,December,2022-12,1,1,Rebecca Wright,Rochester,New York,Electronics,Laptops,UPI,17,1239.0,575.0
654,B-25695,2022-12-17,2022,4,12,December,2022-12,1,1,Rebecca Wright,Rochester,New York,Electronics,Electronic Games,EMI,16,1262.0,515.0
655,B-25112,2022-12-20,2022,4,12,December,2022-12,1,1,Justin Vasquez,Houston,Texas,Furniture,Tables,COD,10,7421.0,958.0
656,B-26945,2022-12-21,2022,4,12,December,2022-12,1,1,Aaron Jones,Austin,Texas,Electronics,Printers,Debit Card,15,7377.0,320.0
657,B-26945,2022-12-21,2022,4,12,December,2022-12,1,1,Aaron Jones,Austin,Texas,Office Supplies,Markers,EMI,12,2054.0,371.0
658,B-25236,2022-12-22,2022,4,12,December,2022-12,1,1,Vanessa Smith,Houston,Texas,Furniture,Sofas,UPI,7,5518.0,867.0
659,B-25148,2022-12-23,2022,4,12,December,2022-12,1,1,William Morse,Rochester,New York,Office Supplies,Markers,Debit Card,18,8141.0,3968.0
660,B-25148,2022-12-23,2022,4,12,December,2022-12,1,1,William Morse,Rochester,New York,Furniture,Sofas,EMI,14,1067.0,251.0
661,B-25410,2022-12-23,2022,4,12,December,2022-12,1,1,Jessica Baker,Austin,Texas,Furniture,Sofas,Debit Card,7,1954.0,294.0
662,B-25465,2022-12-23,2022,4,12,December,2022-12,1,1,Stephanie Leonard,Buffalo,New York,Furniture,Tables,Credit Card,16,717.0,158.0
663,B-25465,2022-12-23,2022,4,12,December,2022-12,1,1,Stephanie Leonard,Buffalo,New York,Furniture,Sofas,UPI,17,508.0,177.0
664,B-25591,2022-12-25,2022,4,12,December,2022-12,1,1,Randy Johnson,Columbus,Ohio,Furniture,Sofas,Credit Card,10,7346.0,1043.0
665,B-25591,2022-12-25,2022,4,12,December,2022-12,1,1,Randy Johnson,Columbus,Ohio,Electronics,Electronic Games,UPI,7,9770.0,4132.0
666,B-25591,2022-12-25,2022,4,12,December,2022-12,1,1,Randy Johnson,Columbus,Ohio,Electronics,Laptops,Credit Card,13,7179.0,683.0
667,B-25990,2022-12-25,2022,4,12,December,2022-12,1,1,Mark Dixon,Cincinnati,Ohio,Furniture,Bookcases,COD,17,6967.0,3257.0
668,B-25990,2022-12-25,2022,4,12,December,2022-12,1,1,Mark Dixon,Cincinnati,Ohio,Office Supplies,Paper,COD,6,1091.0,277.0
669,B-25990,2022-12-25,2022,4,12,December,2022-12,1,1,Mark Dixon,Cincinnati,Ohio,Office Supplies,Binders,Credit Card,2,6027.0,1530.0
670,B-25868,2022-12-26,2022,4,12,December,2022-12,1,1,Victoria Duran,Dallas,Texas,Office Supplies,Binders,Credit Card,5,2944.0,249.0
671,B-25232,2022-12-27,2022,4,12,December,2022-12,1,1,Stephanie Thomas,Rochester,New York,Office Supplies,Paper,UPI,13,7792.0,1403.0
672,B-25232,2022-12-27,2022,4,12,December,2022-12,1,1,Stephanie Thomas,Rochester,New York,Furniture,Chairs,Debit Card,14,2346.0,388.0
673,B-25842,2022-12-27,2022,4,12,December,2022-12,1,1,Luis Luna,San Francisco,California,Office Supplies,Pens,EMI,13,1248.0,584.0
674,B-25842,2022-12-27,2022,4,12,December,2022-12,1,1,Luis Luna,San Francisco,California,Office Supplies,Markers,EMI,14,3669.0,154.0
675,B-25842,2022-12-27,2022,4,12,December,2022-12,1,1,Luis Luna,San Francisco,California,Office Supplies,Paper,Debit Card,15,514.0,109.0
676,B-25698,2022-12-28,2022,4,12,December,2022-12,1,1,Thomas Matthews,Peoria,Illinois,Electronics,Electronic Games,EMI,9,3776.0,1100.0
677,B-26765,2023-01-06,2023,1,1,January,2023-01,1,1,Jonathan Young,Springfield,Illinois,Electronics,Printers,COD,11,762.0,92.0
678,B-25849,2023-01-11,2023,1,1,January,2023-01,1,1,Sheri Berg,Los Angeles,California,Office Supplies,Paper,Debit Card,2,2901.0,1411.0
679,B-25849,2023-01-11,2023,1,1,January,2023-01,1,1,Sheri Berg,Los Angeles,California,Office Supplies,Pens,Credit Card,6,6934.0,1152.0
680,B-26383,2023-01-12,2023,1,1,January,2023-01,1,1,Brittany Jenkins,Buffalo,New York,Electronics,Phones,Debit Card,10,798.0,308.0
681,B-26383,2023-01-12,2023,1,1,January,2023-01,1,1,Brittany Jenkins,Buffalo,New York,Electronics,Printers,EMI,13,7967.0,2504.0
682,B-26453,2023-01-17,2023,1,1,January,2023-01,1,1,Courtney Williams,Columbus,Ohio,Electronics,Laptops,Debit Card,20,1231.0,214.0
683,B-25996,2023-01-18,2023,1,1,January,2023-01,1,1,Brandon Alvarado,Columbus,Ohio,Furniture,Tables,UPI,14,714.0,232.0
684,B-26734,2023-01-18,2023,1,1,January,2023-01,1,1,Shawn Wise,San Francisco,California,Furniture,Tables,COD,17,847.0,355.0
685,B-26894,2023-01-20,2023,1,1,January,2023-01,1,1,Adam James,Chicago,Illinois,Office Supplies,Markers,Debit Card,16,8769.0,3178.0
686,B-26224,2023-01-22,2023,1,1,January,2023-01,1,1,Mitchell Lester,Chicago,Illinois,Electronics,Laptops,COD,11,5564.0,175.0
687,B-26224,2023-01-22,2023,1,1,January,2023-01,1,1,Mitchell Lester,Chicago,Illinois,Electronics,Electronic Games,UPI,15,3953.0,1776.0
688,B-25437,2023-01-23,2023,1,1,January,2023-01,1,1,Justin Thomas,San Francisco,California,Electronics,Laptops,Credit Card,3,4688.0,1841.0
689,B-25532,2023-01-26,2023,1,1,January,2023-01,1,1,Brian Young,Austin,Texas,Furniture,Sofas,EMI,13,3661.0,436.0
690,B-26312,2023-01-28,2023,1,1,January,2023-01,1,1,Becky Hodges,Houston,Texas,Furniture,Sofas,Debit Card,16,1760.0,619.0
691,B-26312,2023-01-28,2023,1,1,January,2023-01,1,1,Becky Hodges,Houston,Texas,Electronics,Printers,UPI,15,6351.0,986.0
692,B-25112,2023-01-29,2023,1,1,January,2023-01,1,1,Tyler Thompson,Dallas,Texas,Furniture,Tables,COD,10,7421.0,958.0
693,B-26029,2023-02-02,2023,1,2,February,2023-02,1,1,Anthony May,Tampa,Florida,Electronics,Phones,UPI,7,4918.0,1485.0
694,B-26232,2023-02-03,2023,1,2,February,2023-02,1,1,Jacqueline Harris,San Francisco,California,Office Supplies,Binders,COD,20,5219.0,1180.0
695,B-26353,2023-02-03,2023,1,2,February,2023-02,1,1,Samuel Moore,Columbus,Ohio,Furniture,Chairs,Debit Card,18,5317.0,1345.0
696,B-26353,2023-02-03,2023,1,2,February,2023-02,1,1,Samuel Moore,Columbus,Ohio,Furniture,Tables,EMI,14,6304.0,766.0
697,B-26279,2023-02-17,2023,1,2,February,2023-02,1,1,Jason Brown,Chicago,Illinois,Office Supplies,Markers,Credit Card,5,3747.0,410.0
698,B-26279,2023-02-17,2023,1,2,February,2023-02,1,1,Jason Brown,Chicago,Illinois,Office Supplies,Binders,UPI,4,3194.0,534.0
699,B-25166,2023-02-23,2023,1,2,February,2023-02,1,1,Richard Castaneda,Cleveland,Ohio,Furniture,Chairs,UPI,17,1133.0,73.0
700,B-25166,2023-02-23,2023,1,2,February,2023-02,1,1,Richard Castaneda,Cleveland,Ohio,Furniture,Bookcases,COD,19,6248.0,1168.0
701,B-25552,2023-02-28,2023,1,2,February,2023-02,1,1,Danny Ramirez,New York City,New York,Office Supplies,Binders,UPI,7,1732.0,766.0
702,B-25552,2023-02-28,2023,1,2,February,2023-02,1,1,Danny Ramirez,New York City,New York,Office Supplies,Paper,EMI,19,8788.0,3944.0
703,B-25856,2023-02-28,2023,1,2,February,2023-02,1,1,Monica Gibson,Springfield,Illinois,Furniture,Chairs,Credit Card,1,3428.0,350.0
704,B-25856,2023-02-28,2023,1,2,February,2023-02,1,1,Monica Gibson,Springfield,Illinois,Office Supplies,Binders,Credit Card,12,7223.0,2433.0
705,B-25856,2023-02-28,2023,1,2,February,2023-02,1,1,Monica Gibson,Springfield,Illinois,Office Supplies,Pens,Credit Card,1,3731.0,647.0
706,B-26299,2023-03-01,2023,1,3,March,2023-03,1,1,Lauren Harris,Cleveland,Ohio,Electronics,Laptops,EMI,14,1676.0,330.0
707,B-26299,2023-03-01,2023,1,3,March,2023-03,1,1,Lauren Harris,Cleveland,Ohio,Furniture,Bookcases,COD,12,3927.0,1133.0
708,B-26299,2023-03-01,2023,1,3,March,2023-03,1,1,Lauren Harris,Cleveland,Ohio,Electronics,Phones,Debit Card,9,2776.0,887.0
709,B-25303,2023-03-04,2023,1,3,March,2023-03,1,1,Michelle Hunter,Cincinnati,Ohio,Furniture,Sofas,COD,11,770.0,241.0
710,B-26835,2023-03-09,2023,1,3,March,2023-03,1,1,Keith Smith,Miami,Florida,Electronics,Phones,UPI,3,5427.0,728.0
711,B-25120,2023-03-10,2023,1,3,March,2023-03,1,1,Julia Gallagher,Houston,Texas,Electronics,Phones,Debit Card,6,7122.0,1836.0
712,B-25120,2023-03-10,2023,1,3,March,2023-03,1,1,Julia Gallagher,Houston,Texas,Office Supplies,Markers,Credit Card,15,7327.0,2596.0
713,B-25945,2023-03-10,2023,1,3,March,2023-03,1,1,Tanya Thomas Md,Dallas,Texas,Electronics,Electronic Games,Debit Card,15,9952.0,3301.0
714,B-25071,2023-03-14,2023,1,3,March,2023-03,1,1,Hailey Chandler,Dallas,Texas,Office Supplies,Pens,Debit Card,6,6147.0,2526.0
715,B-25684,2023-03-16,2023,1,3,March,2023-03,1,1,Frank Reynolds,Springfield,Illinois,Electronics,Electronic Games,COD,15,3560.0,1335.0
716,B-25423,2023-03-18,2023,1,3,March,2023-03,1,1,Matthew Kelley,Orlando,Florida,Electronics,Printers,Credit Card,11,6385.0,2656.0
717,B-25153,2023-03-21,2023,1,3,March,2023-03,1,1,Patricia Sanford,Austin,Texas,Office Supplies,Binders,Debit Card,4,8526.0,1704.0
718,B-25894,2023-03-21,2023,1,3,March,2023-03,1,1,Tammy Bell,Cincinnati,Ohio,Electronics,Laptops,COD,19,8200.0,257.0
719,B-25894,2023-03-21,2023,1,3,March,2023-03,1,1,Tammy Bell,Cincinnati,Ohio,Furniture,Sofas,Credit Card,13,9316.0,3003.0
720,B-25894,2023-03-21,2023,1,3,March,2023-03,1,1,Tammy Bell,Cincinnati,Ohio,Electronics,Electronic Games,COD,15,6379.0,3128.0
721,B-25905,2023-03-21,2023,1,3,March,2023-03,1,1,Jeffrey Dixon,New York City,New York,Electronics,Phones,Credit Card,3,8490.0,3485.0
722,B-26443,2023-03-21,2023,1,3,March,2023-03,1,1,Dale Craig,San Diego,California,Electronics,Printers,Debit Card,12,9869.0,4299.0
723,B-26863,2023-04-01,2023,2,4,April,2023-04,1,1,Brenda Davis,San Francisco,California,Furniture,Chairs,EMI,15,4037.0,1494.0
724,B-26926,2023-04-02,2023,2,4,April,2023-04,1,1,Steven Herrera,San Diego,California,Office Supplies,Markers,EMI,16,4629.0,1660.0
725,B-25715,2023-04-05,2023,2,4,April,2023-04,1,1,Shelby Browning,Chicago,Illinois,Furniture,Tables,Debit Card,19,6089.0,139.0
726,B-25715,2023-04-05,2023,2,4,April,2023-04,1,1,Shelby Browning,Chicago,Illinois,Furniture,Tables,UPI,16,2586.0,800.0
727,B-25715,2023-04-05,2023,2,4,April,2023-04,1,1,Shelby Browning,Chicago,Illinois,Office Supplies,Paper,UPI,9,3757.0,1626.0
728,B-26026,2023-04-06,2023,2,4,April,2023-04,1,1,Katherine Harris,Los Angeles,California,Office Supplies,Paper,Debit Card,2,953.0,93.0
729,B-26026,2023-04-06,2023,2,4,April,2023-04,1,1,Katherine Harris,Los Angeles,California,Furniture,Sofas,COD,3,7355.0,1034.0
730,B-26026,2023-04-06,2023,2,4,April,2023-04,1,1,Katherine Harris,Los Angeles,California,Electronics,Phones,Credit Card,3,1843.0,248.0
731,B-26026,2023-04-06,2023,2,4,April,2023-04,1,1,Katherine Harris,Los Angeles,California,Office Supplies,Pens,Debit Card,10,1603.0,361.0
732,B-26215,2023-04-07,2023,2,4,April,2023-04,1,1,Richard Lyons,Dallas,Texas,Office Supplies,Markers,COD,18,4171.0,1450.0
733,B-26120,2023-04-09,2023,2,4,April,2023-04,1,1,Erica Scott,Chicago,Illinois,Office Supplies,Pens,COD,8,2101.0,287.0
734,B-25352,2023-04-17,2023,2,4,April,2023-04,1,1,Jacob Stewart,Miami,Florida,Electronics,Printers,COD,18,3333.0,700.0
735,B-26032,2023-04-17,2023,2,4,April,2023-04,1,1,Eric Griffith,Chicago,Illinois,Electronics,Phones,COD,1,8346.0,1176.0
736,B-26032,2023-04-17,2023,2,4,April,2023-04,1,1,Eric Griffith,Chicago,Illinois,Furniture,Tables,Debit Card,5,6218.0,1125.0
737,B-26032,2023-04-17,2023,2,4,April,2023-04,1,1,Eric Griffith,Chicago,Illinois,Electronics,Printers,Credit Card,14,5167.0,253.0
738,B-26032,2023-04-17,2023,2,4,April,2023-04,1,1,Eric Griffith,Chicago,Illinois,Furniture,Sofas,Debit Card,5,2799.0,1239.0
739,B-26580,2023-04-17,2023,2,4,April,2023-04,1,1,Kyle Dickson,Dallas,Texas,Furniture,Bookcases,COD,13,4007.0,201.0
740,B-25703,2023-04-19,2023,2,4,April,2023-04,1,1,Steven Acosta,Orlando,Florida,Electronics,Electronic Games,COD,4,9438.0,1801.0
741,B-25510,2023-04-24,2023,2,4,April,2023-04,1,1,Anthony Evans,Cleveland,Ohio,Furniture,Bookcases,COD,12,2478.0,92.0
742,B-25198,2023-04-25,2023,2,4,April,2023-04,1,1,Cynthia Ferguson,Austin,Texas,Electronics,Printers,Debit Card,11,9840.0,3870.0
743,B-25038,2023-04-28,2023,2,4,April,2023-04,1,1,Terry Mcdaniel,Cincinnati,Ohio,Furniture,Chairs,Debit Card,2,738.0,342.0
744,B-26353,2023-04-28,2023,2,4,April,2023-04,1,1,Robert Stokes,Orlando,Florida,Furniture,Chairs,Debit Card,18,5317.0,1345.0
745,B-26353,2023-04-28,2023,2,4,April,2023-04,1,1,Robert Stokes,Orlando,Florida,Furniture,Tables,EMI,14,6304.0,766.0
746,B-25065,2023-05-03,2023,2,5,May,2023-05,1,1,Craig Ortega,Cincinnati,Ohio,Office Supplies,Paper,Debit Card,9,6596.0,1439.0
747,B-26552,2023-05-03,2023,2,5,May,2023-05,1,1,Mrs. Rachel Cannon Dds,Tampa,Florida,Electronics,Electronic Games,Credit Card,10,2804.0,936.0
748,B-25541,2023-05-04,2023,2,5,May,2023-05,1,1,April Marquez,Cleveland,Ohio,Furniture,Bookcases,UPI,10,2401.0,1163.0
749,B-25541,2023-05-04,2023,2,5,May,2023-05,1,1,April Marquez,Cleveland,Ohio,Electronics,Phones,Debit Card,11,1045.0,267.0
750,B-25889,2023-05-04,2023,2,5,May,2023-05,1,1,Shannon Warren,New York City,New York,Electronics,Laptops,Credit Card,12,7992.0,893.0
751,B-26065,2023-05-04,2023,2,5,May,2023-05,1,1,Kaitlyn Flores,Cleveland,Ohio,Furniture,Chairs,Credit Card,13,7930.0,1981.0
752,B-25510,2023-05-08,2023,2,5,May,2023-05,1,1,Jason Randolph,San Francisco,California,Furniture,Bookcases,COD,12,2478.0,92.0
753,B-25363,2023-05-10,2023,2,5,May,2023-05,1,1,Jamie Bradley,San Diego,California,Electronics,Laptops,Credit Card,8,3918.0,749.0
754,B-25237,2023-05-14,2023,2,5,May,2023-05,1,1,David Hamilton,Houston,Texas,Office Supplies,Binders,COD,1,5250.0,187.0
755,B-26383,2023-05-19,2023,2,5,May,2023-05,1,1,Eddie Gonzales,Cleveland,Ohio,Electronics,Phones,Debit Card,10,798.0,308.0
756,B-26383,2023-05-19,2023,2,5,May,2023-05,1,1,Eddie Gonzales,Cleveland,Ohio,Electronics,Printers,EMI,13,7967.0,2504.0
757,B-26522,2023-05-24,2023,2,5,May,2023-05,1,1,John Thomas,San Francisco,California,Furniture,Bookcases,EMI,9,5994.0,2826.0
758,B-26896,2023-05-24,2023,2,5,May,2023-05,1,1,Morgan Mccarthy,Dallas,Texas,Electronics,Printers,EMI,18,6488.0,1591.0
759,B-26470,2023-05-27,2023,2,5,May,2023-05,1,1,Ashley Rodriguez,Austin,Texas,Furniture,Tables,EMI,6,3090.0,573.0
760,B-26470,2023-05-27,2023,2,5,May,2023-05,1,1,Ashley Rodriguez,Austin,Texas,Electronics,Printers,UPI,5,9683.0,1014.0
761,B-26195,2023-05-29,2023,2,5,May,2023-05,1,1,Bryan Brown,Rochester,New York,Office Supplies,Binders,Debit Card,15,874.0,235.0
762,B-25889,2023-05-31,2023,2,5,May,2023-05,1,1,Ashley Aguilar,Chicago,Illinois,Electronics,Laptops,Credit Card,12,7992.0,893.0
763,B-26114,2023-06-01,2023,2,6,June,2023-06,1,1,Sarah Montgomery,Chicago,Illinois,Electronics,Printers,EMI,2,6252.0,1377.0
764,B-26251,2023-06-04,2023,2,6,June,2023-06,1,1,Brenda Murphy,San Francisco,California,Furniture,Chairs,COD,7,883.0,127.0
765,B-26251,2023-06-04,2023,2,6,June,2023-06,1,1,Brenda Murphy,San Francisco,California,Furniture,Bookcases,Debit Card,8,4539.0,1155.0
766,B-26251,2023-06-04,2023,2,6,June,2023-06,1,1,Brenda Murphy,San Francisco,California,Office Supplies,Binders,Debit Card,16,9659.0,2226.0
767,B-25193,2023-06-05,2023,2,6,June,2023-06,1,1,Angela Todd,New York City,New York,Electronics,Printers,EMI,16,8974.0,4441.0
768,B-25159,2023-06-07,2023,2,6,June,2023-06,1,1,Evelyn Harris,Buffalo,New York,Office Supplies,Markers,UPI,16,5338.0,1354.0
769,B-26213,2023-06-08,2023,2,6,June,2023-06,1,1,Terri Madden,Rochester,New York,Furniture,Sofas,UPI,3,1523.0,234.0
770,B-26213,2023-06-08,2023,2,6,June,2023-06,1,1,Terri Madden,Rochester,New York,Electronics,Electronic Games,Debit Card,7,9073.0,424.0
771,B-26357,2023-06-08,2023,2,6,June,2023-06,1,1,Brandi Vasquez,Rochester,New York,Electronics,Laptops,Debit Card,15,9879.0,4930.0
772,B-26576,2023-06-08,2023,2,6,June,2023-06,1,1,William Walters,San Francisco,California,Furniture,Bookcases,Credit Card,19,8218.0,1430.0
773,B-26805,2023-06-15,2023,2,6,June,2023-06,1,1,Heather Gray,Cincinnati,Ohio,Electronics,Phones,Debit Card,19,7664.0,1753.0
774,B-26928,2023-06-22,2023,2,6,June,2023-06,1,1,William Carr,Dallas,Texas,Electronics,Laptops,Credit Card,6,2553.0,907.0
775,B-25965,2023-06-25,2023,2,6,June,2023-06,1,1,Michael Nash,Buffalo,New York,Electronics,Laptops,Debit Card,2,544.0,272.0
776,B-26938,2023-06-25,2023,2,6,June,2023-06,1,1,Jacob Guzman,Peoria,Illinois,Furniture,Sofas,EMI,7,3281.0,471.0
777,B-26586,2023-06-26,2023,2,6,June,2023-06,1,1,Michael Gallegos,Los Angeles,California,Electronics,Printers,UPI,1,2239.0,828.0
778,B-26586,2023-06-26,2023,2,6,June,2023-06,1,1,Michael Gallegos,Los Angeles,California,Electronics,Phones,Debit Card,4,2450.0,1002.0
779,B-26776,2023-06-27,2023,2,6,June,2023-06,1,1,David Padilla,Miami,Florida,Electronics,Electronic Games,UPI,5,9726.0,1275.0
780,B-26776,2023-06-27,2023,2,6,June,2023-06,1,1,David Padilla,Miami,Florida,Electronics,Printers,UPI,14,4975.0,1330.0
781,B-25792,2023-07-02,2023,3,7,July,2023-07,1,1,Kyle Jackson,Buffalo,New York,Office Supplies,Paper,EMI,9,4751.0,781.0
782,B-25555,2023-07-03,2023,3,7,July,2023-07,1,1,Jessica Richardson,San Diego,California,Electronics,Phones,Credit Card,12,4051.0,1848.0
783,B-25555,2023-07-03,2023,3,7,July,2023-07,1,1,Jessica Richardson,San Diego,California,Furniture,Bookcases,Credit Card,11,5011.0,866.0
784,B-25992,2023-07-05,2023,3,7,July,2023-07,1,1,Rebecca Huff,Springfield,Illinois,Furniture,Tables,EMI,8,8572.0,2041.0
785,B-25992,2023-07-05,2023,3,7,July,2023-07,1,1,Rebecca Huff,Springfield,Illinois,Electronics,Printers,Credit Card,10,8059.0,1834.0
786,B-26347,2023-07-07,2023,3,7,July,2023-07,1,1,Lance Cain,Tampa,Florida,Furniture,Bookcases,UPI,7,8586.0,3826.0
787,B-25120,2023-07-10,2023,3,7,July,2023-07,1,1,Ronald Frey Jr.,New York City,New York,Electronics,Phones,Debit Card,6,7122.0,1836.0
788,B-25120,2023-07-10,2023,3,7,July,2023-07,1,1,Ronald Frey Jr.,New York City,New York,Office Supplies,Markers,Credit Card,15,7327.0,2596.0
789,B-25560,2023-07-13,2023,3,7,July,2023-07,1,1,Andrew Allen,San Diego,California,Furniture,Tables,UPI,12,7533.0,3508.0
790,B-25560,2023-07-13,2023,3,7,July,2023-07,1,1,Andrew Allen,San Diego,California,Office Supplies,Binders,Credit Card,16,4734.0,1178.0
791,B-25560,2023-07-13,2023,3,7,July,2023-07,1,1,Andrew Allen,San Diego,California,Electronics,Electronic Games,Debit Card,6,4074.0,1175.0
792,B-25560,2023-07-13,2023,3,7,July,2023-07,1,1,Andrew Allen,San Diego,California,Furniture,Sofas,Credit Card,3,2334.0,484.0
793,B-25022,2023-07-14,2023,3,7,July,2023-07,1,1,Lori Colon,Buffalo,New York,Furniture,Sofas,Debit Card,15,6646.0,848.0
794,B-25861,2023-07-15,2023,3,7,July,2023-07,1,1,Jennifer Chase,Buffalo,New York,Electronics,Electronic Games,Debit Card,19,9851.0,2669.0
795,B-25861,2023-07-15,2023,3,7,July,2023-07,1,1,Jennifer Chase,Buffalo,New York,Furniture,Tables,Debit Card,14,9989.0,3930.0
796,B-25006,2023-07-16,2023,3,7,July,2023-07,1,1,Tiffany Robinson,Miami,Florida,Office Supplies,Pens,Debit Card,17,5831.0,1574.0
797,B-26795,2023-07-16,2023,3,7,July,2023-07,1,1,Karen Townsend,Houston,Texas,Furniture,Chairs,Credit Card,16,5224.0,1958.0
798,B-26795,2023-07-16,2023,3,7,July,2023-07,1,1,Karen Townsend,Houston,Texas,Office Supplies,Markers,Credit Card,11,5002.0,1801.0
799,B-26795,2023-07-16,2023,3,7,July,2023-07,1,1,Karen Townsend,Houston,Texas,Office Supplies,Markers,COD,18,7380.0,1673.0
800,B-25331,2023-07-17,2023,3,7,July,2023-07,1,1,Miguel Alvarez,Rochester,New York,Office Supplies,Pens,UPI,8,2514.0,95.0
801,B-25931,2023-07-18,2023,3,7,July,2023-07,1,1,Amanda Williams,Columbus,Ohio,Furniture,Sofas,UPI,18,6485.0,3178.0
802,B-26352,2023-07-18,2023,3,7,July,2023-07,1,1,Marcus Brown,Chicago,Illinois,Electronics,Printers,Debit Card,3,9382.0,1085.0
803,B-26352,2023-07-18,2023,3,7,July,2023-07,1,1,Marcus Brown,Chicago,Illinois,Furniture,Tables,COD,19,4936.0,576.0
804,B-25196,2023-07-20,2023,3,7,July,2023-07,1,1,William Hill,Dallas,Texas,Office Supplies,Markers,Credit Card,1,7806.0,1127.0
805,B-25566,2023-07-22,2023,3,7,July,2023-07,1,1,Kenneth Matthews,Rochester,New York,Furniture,Chairs,Debit Card,16,3877.0,481.0
806,B-25328,2023-07-25,2023,3,7,July,2023-07,1,1,Jasmine James,Austin,Texas,Electronics,Electronic Games,Credit Card,4,8780.0,3430.0
807,B-25605,2023-07-28,2023,3,7,July,2023-07,1,1,Randall Bell,New York City,New York,Electronics,Phones,COD,6,4026.0,163.0
808,B-25549,2023-07-30,2023,3,7,July,2023-07,1,1,Amy Duran Md,Orlando,Florida,Electronics,Printers,UPI,8,4609.0,1084.0
809,B-25549,2023-07-30,2023,3,7,July,2023-07,1,1,Amy Duran Md,Orlando,Florida,Office Supplies,Paper,UPI,4,2328.0,788.0
810,B-25549,2023-07-30,2023,3,7,July,2023-07,1,1,Amy Duran Md,Orlando,Florida,Electronics,Printers,Debit Card,7,4734.0,958.0
811,B-25401,2023-08-04,2023,3,8,August,2023-08,1,1,Scott Craig,Peoria,Illinois,Electronics,Printers,Debit Card,13,6017.0,2230.0
812,B-25880,2023-08-04,2023,3,8,August,2023-08,1,1,Kaitlyn Graham Md,New York City,New York,Office Supplies,Pens,Credit Card,9,907.0,391.0
813,B-26796,2023-08-12,2023,3,8,August,2023-08,1,1,Mary Crawford,Cincinnati,Ohio,Electronics,Printers,UPI,19,6669.0,3063.0
814,B-25388,2023-08-13,2023,3,8,August,2023-08,1,1,Alexandra Moran,San Francisco,California,Furniture,Sofas,EMI,13,5047.0,2211.0
815,B-26726,2023-08-17,2023,3,8,August,2023-08,1,1,Brandon Hughes,Dallas,Texas,Electronics,Electronic Games,Debit Card,19,7213.0,508.0
816,B-26726,2023-08-17,2023,3,8,August,2023-08,1,1,Brandon Hughes,Dallas,Texas,Furniture,Tables,EMI,9,3176.0,586.0
817,B-25022,2023-08-19,2023,3,8,August,2023-08,1,1,Nicole Dudley,New York City,New York,Furniture,Sofas,Debit Card,15,6646.0,848.0
818,B-25504,2023-08-20,2023,3,8,August,2023-08,1,1,David Bell,Los Angeles,California,Office Supplies,Pens,UPI,10,8178.0,2462.0
819,B-25640,2023-08-21,2023,3,8,August,2023-08,1,1,Claire Cole,Houston,Texas,Office Supplies,Pens,EMI,9,670.0,85.0
820,B-25730,2023-08-21,2023,3,8,August,2023-08,1,1,Austin White,Los Angeles,California,Office Supplies,Binders,COD,8,8293.0,2632.0
821,B-25730,2023-08-21,2023,3,8,August,2023-08,1,1,Austin White,Los Angeles,California,Electronics,Phones,UPI,17,2863.0,205.0
822,B-26743,2023-08-21,2023,3,8,August,2023-08,1,1,Pamela Callahan Dvm,Columbus,Ohio,Furniture,Sofas,COD,12,7684.0,1157.0
823,B-26284,2023-08-23,2023,3,8,August,2023-08,1,1,Larry Casey,Chicago,Illinois,Electronics,Phones,UPI,14,5152.0,2045.0
824,B-26324,2023-08-31,2023,3,8,August,2023-08,1,1,Jacob Mann,Austin,Texas,Electronics,Electronic Games,Debit Card,15,6355.0,1335.0
825,B-25004,2023-09-01,2023,3,9,September,2023-09,1,1,Frank Garcia,Buffalo,New York,Office Supplies,Markers,COD,16,9965.0,3033.0
826,B-26912,2023-09-04,2023,3,9,September,2023-09,1,1,John Cox,Peoria,Illinois,Furniture,Tables,Debit Card,9,8752.0,1686.0
827,B-25222,2023-09-07,2023,3,9,September,2023-09,1,1,Brandon Norton,Springfield,Illinois,Furniture,Tables,EMI,2,4852.0,218.0
828,B-26904,2023-09-10,2023,3,9,September,2023-09,1,1,Maria Davis,Buffalo,New York,Office Supplies,Paper,Debit Card,19,594.0,67.0
829,B-25701,2023-09-13,2023,3,9,September,2023-09,1,1,Suzanne Cross,Austin,Texas,Office Supplies,Pens,UPI,5,1167.0,463.0
830,B-25701,2023-09-13,2023,3,9,September,2023-09,1,1,Suzanne Cross,Austin,Texas,Electronics,Laptops,Credit Card,20,2841.0,803.0
831,B-25701,2023-09-13,2023,3,9,September,2023-09,1,1,Suzanne Cross,Austin,Texas,Furniture,Tables,UPI,19,5680.0,2159.0
832,B-26679,2023-09-14,2023,3,9,September,2023-09,1,1,Leonard Gonzalez,San Francisco,California,Office Supplies,Markers,UPI,5,8102.0,1800.0
833,B-26679,2023-09-14,2023,3,9,September,2023-09,1,1,Leonard Gonzalez,San Francisco,California,Furniture,Tables,EMI,10,3234.0,1274.0
834,B-25747,2023-09-17,2023,3,9,September,2023-09,1,1,Nicholas Martin,Tampa,Florida,Electronics,Phones,COD,1,2962.0,1470.0
835,B-25747,2023-09-17,2023,3,9,September,2023-09,1,1,Nicholas Martin,Tampa,Florida,Electronics,Printers,UPI,12,7131.0,718.0
836,B-25747,2023-09-17,2023,3,9,September,2023-09,1,1,Nicholas Martin,Tampa,Florida,Office Supplies,Markers,EMI,10,4200.0,855.0
837,B-26672,2023-09-18,2023,3,9,September,2023-09,1,1,Renee Robinson,Columbus,Ohio,Electronics,Electronic Games,EMI,17,1366.0,242.0
838,B-26672,2023-09-18,2023,3,9,September,2023-09,1,1,Renee Robinson,Columbus,Ohio,Office Supplies,Markers,Credit Card,13,1518.0,155.0
839,B-26119,2023-09-20,2023,3,9,September,2023-09,1,1,Jeffrey Henderson,Tampa,Florida,Office Supplies,Pens,Debit Card,12,3956.0,142.0
840,B-26119,2023-09-20,2023,3,9,September,2023-09,1,1,Jeffrey Henderson,Tampa,Florida,Furniture,Bookcases,EMI,11,6449.0,2628.0
841,B-26698,2023-09-20,2023,3,9,September,2023-09,1,1,Susan Ramirez,Cleveland,Ohio,Electronics,Printers,EMI,13,1860.0,457.0
842,B-25350,2023-09-23,2023,3,9,September,2023-09,1,1,Mark Fry,Austin,Texas,Electronics,Electronic Games,Debit Card,5,7699.0,246.0
843,B-26740,2023-09-27,2023,3,9,September,2023-09,1,1,Stephanie Manning,Orlando,Florida,Electronics,Printers,Debit Card,6,9369.0,3297.0
844,B-26740,2023-09-27,2023,3,9,September,2023-09,1,1,Stephanie Manning,Orlando,Florida,Electronics,Printers,Credit Card,20,8680.0,4068.0
845,B-26740,2023-09-27,2023,3,9,September,2023-09,1,1,Stephanie Manning,Orlando,Florida,Electronics,Laptops,UPI,8,3067.0,1475.0
846,B-26586,2023-09-30,2023,3,9,September,2023-09,1,1,Robert Daniels,Chicago,Illinois,Electronics,Printers,UPI,1,2239.0,828.0
847,B-26586,2023-09-30,2023,3,9,September,2023-09,1,1,Robert Daniels,Chicago,Illinois,Electronics,Phones,Debit Card,4,2450.0,1002.0
848,B-25064,2023-10-05,2023,4,10,October,2023-10,1,1,Kelly Jones,Rochester,New York,Furniture,Chairs,EMI,9,6109.0,3040.0
849,B-25064,2023-10-05,2023,4,10,October,2023-10,1,1,Kelly Jones,Rochester,New York,Electronics,Electronic Games,UPI,17,4628.0,1491.0
850,B-26842,2023-10-05,2023,4,10,October,2023-10,1,1,Ashley Adams Md,Orlando,Florida,Office Supplies,Markers,Debit Card,19,6402.0,2770.0
851,B-26842,2023-10-05,2023,4,10,October,2023-10,1,1,Ashley Adams Md,Orlando,Florida,Electronics,Printers,Debit Card,19,5916.0,1594.0
852,B-25545,2023-10-07,2023,4,10,October,2023-10,1,1,Lawrence Oliver,Springfield,Illinois,Furniture,Chairs,COD,9,3900.0,115.0
853,B-26284,2023-10-11,2023,4,10,October,2023-10,1,1,Daniel Burns,Rochester,New York,Electronics,Phones,UPI,14,5152.0,2045.0
854,B-26125,2023-10-13,2023,4,10,October,2023-10,1,1,Benjamin Higgins,Rochester,New York,Electronics,Electronic Games,COD,4,7690.0,1134.0
855,B-26125,2023-10-13,2023,4,10,October,2023-10,1,1,Benjamin Higgins,Rochester,New York,Furniture,Sofas,EMI,2,912.0,246.0
856,B-25612,2023-10-17,2023,4,10,October,2023-10,1,1,Carlos Wells,San Diego,California,Electronics,Phones,EMI,1,7163.0,1536.0
857,B-25830,2023-10-17,2023,4,10,October,2023-10,1,1,Vincent Roth,Los Angeles,California,Office Supplies,Binders,UPI,10,3839.0,1415.0
858,B-25010,2023-10-18,2023,4,10,October,2023-10,1,1,Howard Esparza,Houston,Texas,Office Supplies,Pens,Credit Card,15,7870.0,1057.0
859,B-25620,2023-10-18,2023,4,10,October,2023-10,1,1,Benjamin Meadows,Peoria,Illinois,Electronics,Laptops,Debit Card,13,721.0,258.0
860,B-25620,2023-10-18,2023,4,10,October,2023-10,1,1,Benjamin Meadows,Peoria,Illinois,Electronics,Laptops,Credit Card,17,8364.0,3055.0
861,B-25620,2023-10-18,2023,4,10,October,2023-10,1,1,Benjamin Meadows,Peoria,Illinois,Furniture,Bookcases,EMI,15,5234.0,2021.0
862,B-25669,2023-10-20,2023,4,10,October,2023-10,1,1,Adam Stevens,Buffalo,New York,Office Supplies,Binders,EMI,6,5899.0,2264.0
863,B-25465,2023-10-24,2023,4,10,October,2023-10,1,1,Sylvia Barron,Rochester,New York,Furniture,Tables,Credit Card,16,717.0,158.0
864,B-25465,2023-10-24,2023,4,10,October,2023-10,1,1,Sylvia Barron,Rochester,New York,Furniture,Sofas,UPI,17,508.0,177.0
865,B-25949,2023-10-25,2023,4,10,October,2023-10,1,1,Johnny Simon,Los Angeles,California,Office Supplies,Paper,EMI,5,4510.0,1896.0
866,B-26489,2023-10-27,2023,4,10,October,2023-10,1,1,Anna Blackburn,Cincinnati,Ohio,Electronics,Laptops,COD,14,2791.0,894.0
867,B-26489,2023-10-27,2023,4,10,October,2023-10,1,1,Anna Blackburn,Cincinnati,Ohio,Furniture,Sofas,Debit Card,3,6223.0,1478.0
868,B-26489,2023-10-27,2023,4,10,October,2023-10,1,1,Anna Blackburn,Cincinnati,Ohio,Furniture,Chairs,Debit Card,17,8943.0,3121.0
869,B-26489,2023-10-27,2023,4,10,October,2023-10,1,1,Anna Blackburn,Cincinnati,Ohio,Electronics,Phones,Credit Card,12,3297.0,102.0
870,B-25999,2023-10-28,2023,4,10,October,2023-10,1,1,Nancy Boyd,Cincinnati,Ohio,Furniture,Chairs,Credit Card,1,7895.0,1005.0
871,B-25999,2023-10-28,2023,4,10,October,2023-10,1,1,Nancy Boyd,Cincinnati,Ohio,Office Supplies,Pens,UPI,8,2740.0,558.0
872,B-25703,2023-10-29,2023,4,10,October,2023-10,1,1,Lindsay Jackson,Austin,Texas,Electronics,Electronic Games,COD,4,9438.0,1801.0
873,B-25819,2023-11-02,2023,4,11,November,2023-11,1,1,Robert Rojas,San Francisco,California,Office Supplies,Pens,EMI,11,2589.0,605.0
874,B-26724,2023-11-04,2023,4,11,November,2023-11,1,1,Roberto Parrish,Springfield,Illinois,Furniture,Chairs,EMI,1,9694.0,4361.0
875,B-26485,2023-11-05,2023,4,11,November,2023-11,1,1,Marisa Prince,Buffalo,New York,Office Supplies,Pens,Debit Card,12,9084.0,3253.0
876,B-25962,2023-11-06,2023,4,11,November,2023-11,1,1,William Wu,Tampa,Florida,Office Supplies,Markers,COD,3,4202.0,1171.0
877,B-26159,2023-11-07,2023,4,11,November,2023-11,1,1,Cheyenne Rose,Orlando,Florida,Electronics,Phones,UPI,15,7484.0,2871.0
878,B-26159,2023-11-07,2023,4,11,November,2023-11,1,1,Cheyenne Rose,Orlando,Florida,Furniture,Sofas,Credit Card,1,7700.0,2712.0
879,B-25238,2023-11-09,2023,4,11,November,2023-11,1,1,Walter Crawford,Springfield,Illinois,Office Supplies,Pens,UPI,10,7600.0,1098.0
880,B-25238,2023-11-09,2023,4,11,November,2023-11,1,1,Walter Crawford,Springfield,Illinois,Office Supplies,Paper,COD,18,7501.0,262.0
881,B-25890,2023-11-12,2023,4,11,November,2023-11,1,1,Jacqueline Hubbard,New York City,New York,Furniture,Chairs,UPI,19,2516.0,734.0
882,B-25962,2023-11-12,2023,4,11,November,2023-11,1,1,Jesus Zuniga,Houston,Texas,Office Supplies,Markers,COD,3,4202.0,1171.0
883,B-26112,2023-11-18,2023,4,11,November,2023-11,1,1,Jacob Martinez,Los Angeles,California,Furniture,Bookcases,COD,5,1476.0,247.0
884,B-26426,2023-11-24,2023,4,11,November,2023-11,1,1,Melissa Mitchell,Chicago,Illinois,Office Supplies,Paper,Debit Card,9,8644.0,1968.0
885,B-25101,2023-11-25,2023,4,11,November,2023-11,1,1,Steven Steele,Springfield,Illinois,Furniture,Chairs,EMI,13,1638.0,661.0
886,B-25507,2023-11-28,2023,4,11,November,2023-11,1,1,Debra Rodriguez,Tampa,Florida,Electronics,Electronic Games,Credit Card,18,6392.0,444.0
887,B-26734,2023-11-28,2023,4,11,November,2023-11,1,1,Emily Frederick,Austin,Texas,Furniture,Tables,COD,17,847.0,355.0
888,B-26309,2023-11-29,2023,4,11,November,2023-11,1,1,Joshua Murray,Dallas,Texas,Furniture,Tables,UPI,4,6672.0,3319.0
889,B-25955,2023-11-30,2023,4,11,November,2023-11,1,1,Ashlee Mills,Orlando,Florida,Office Supplies,Markers,Debit Card,4,655.0,297.0
890,B-25266,2023-12-04,2023,4,12,December,2023-12,1,1,Lori Adkins,San Diego,California,Electronics,Phones,COD,11,4164.0,905.0
891,B-25266,2023-12-04,2023,4,12,December,2023-12,1,1,Lori Adkins,San Diego,California,Furniture,Tables,UPI,5,5389.0,2196.0
892,B-25843,2023-12-07,2023,4,12,December,2023-12,1,1,Stephanie Hayes,Austin,Texas,Electronics,Laptops,EMI,15,7524.0,2308.0
893,B-25843,2023-12-07,2023,4,12,December,2023-12,1,1,Stephanie Hayes,Austin,Texas,Electronics,Printers,Credit Card,14,6864.0,1824.0
894,B-25594,2023-12-08,2023,4,12,December,2023-12,1,1,Kevin Johnson,Tampa,Florida,Electronics,Electronic Games,Credit Card,7,2931.0,212.0
895,B-26723,2023-12-09,2023,4,12,December,2023-12,1,1,James Jones,Dallas,Texas,Furniture,Sofas,COD,18,5322.0,1423.0
896,B-26224,2023-12-13,2023,4,12,December,2023-12,1,1,Juan Kelly,Miami,Florida,Electronics,Laptops,COD,11,5564.0,175.0
897,B-26224,2023-12-13,2023,4,12,December,2023-12,1,1,Juan Kelly,Miami,Florida,Electronics,Electronic Games,UPI,15,3953.0,1776.0
898,B-25970,2023-12-14,2023,4,12,December,2023-12,1,1,Kevin Cooper,Tampa,Florida,Furniture,Chairs,Debit Card,14,9132.0,3096.0
899,B-26157,2023-12-14,2023,4,12,December,2023-12,1,1,Sierra Rios,Orlando,Florida,Office Supplies,Paper,COD,4,6045.0,1606.0
900,B-26157,2023-12-14,2023,4,12,December,2023-12,1,1,Sierra Rios,Orlando,Florida,Office Supplies,Pens,COD,11,9337.0,554.0
901,B-26507,2023-12-16,2023,4,12,December,2023-12,1,1,Janet Guerrero,Rochester,New York,Furniture,Bookcases,COD,20,9895.0,1598.0
902,B-26537,2023-12-21,2023,4,12,December,2023-12,1,1,Tanya Walker,San Diego,California,Furniture,Tables,UPI,17,3260.0,207.0
903,B-26032,2023-12-24,2023,4,12,December,2023-12,1,1,Anna Ferguson,San Francisco,California,Electronics,Phones,COD,1,8346.0,1176.0
904,B-26032,2023-12-24,2023,4,12,December,2023-12,1,1,Anna Ferguson,San Francisco,California,Furniture,Tables,Debit Card,5,6218.0,1125.0
905,B-26032,2023-12-24,2023,4,12,December,2023-12,1,1,Anna Ferguson,San Francisco,California,Electronics,Printers,Credit Card,14,5167.0,253.0
906,B-26032,2023-12-24,2023,4,12,December,2023-12,1,1,Anna Ferguson,San Francisco,California,Furniture,Sofas,Debit Card,5,2799.0,1239.0
907,B-26938,2023-12-27,2023,4,12,December,2023-12,1,1,Erin Hernandez,Los Angeles,California,Furniture,Sofas,EMI,7,3281.0,471.0
908,B-26034,2023-12-28,2023,4,12,December,2023-12,1,1,Aaron Johnson,Rochester,New York,Furniture,Bookcases,Debit Card,18,9789.0,2071.0
909,B-26034,2023-12-28,2023,4,12,December,2023-12,1,1,Aaron Johnson,Rochester,New York,Electronics,Electronic Games,COD,8,9229.0,4090.0
910,B-26443,2023-12-28,2023,4,12,December,2023-12,1,1,Joseph Hooper,Buffalo,New York,Electronics,Printers,Debit Card,12,9869.0,4299.0
911,B-26904,2024-01-05,2024,1,1,January,2024-01,1,1,Terry Gilbert,Miami,Florida,Office Supplies,Paper,Debit Card,19,594.0,67.0
912,B-25364,2024-01-10,2024,1,1,January,2024-01,1,1,Alisha Saunders,San Francisco,California,Electronics,Laptops,EMI,13,8649.0,2631.0
913,B-26872,2024-01-13,2024,1,1,January,2024-01,1,1,Scott Gibbs,Los Angeles,California,Electronics,Phones,UPI,6,992.0,177.0
914,B-26872,2024-01-13,2024,1,1,January,2024-01,1,1,Scott Gibbs,Los Angeles,California,Office Supplies,Markers,EMI,18,4699.0,625.0
915,B-26083,2024-01-17,2024,1,1,January,2024-01,1,1,Bethany Harrison,Los Angeles,California,Office Supplies,Paper,Credit Card,16,3265.0,1390.0
916,B-25232,2024-01-19,2024,1,1,January,2024-01,1,1,Kristy Hernandez,San Diego,California,Office Supplies,Paper,UPI,13,7792.0,1403.0
917,B-25232,2024-01-19,2024,1,1,January,2024-01,1,1,Kristy Hernandez,San Diego,California,Furniture,Chairs,Debit Card,14,2346.0,388.0
918,B-25842,2024-01-22,2024,1,1,January,2024-01,1,1,Christina Conner,Columbus,Ohio,Office Supplies,Pens,EMI,13,1248.0,584.0
919,B-25842,2024-01-22,2024,1,1,January,2024-01,1,1,Christina Conner,Columbus,Ohio,Office Supplies,Markers,EMI,14,3669.0,154.0
920,B-25842,2024-01-22,2024,1,1,January,2024-01,1,1,Christina Conner,Columbus,Ohio,Office Supplies,Paper,Debit Card,15,514.0,109.0
921,B-26510,2024-01-23,2024,1,1,January,2024-01,1,1,Ricardo Andrews,San Diego,California,Office Supplies,Paper,UPI,1,1629.0,265.0
922,B-26137,2024-01-24,2024,1,1,January,2024-01,1,1,Amy Williams,Austin,Texas,Electronics,Printers,Credit Card,4,3423.0,804.0
923,B-25295,2024-01-28,2024,1,1,January,2024-01,1,1,Paul Rogers,Miami,Florida,Office Supplies,Pens,Credit Card,1,2025.0,528.0
924,B-25295,2024-01-28,2024,1,1,January,2024-01,1,1,Paul Rogers,Miami,Florida,Office Supplies,Binders,EMI,16,6800.0,167.0
925,B-25915,2024-02-01,2024,1,2,February,2024-02,1,1,Adam Clark,San Francisco,California,Office Supplies,Binders,COD,10,3433.0,1169.0
926,B-25915,2024-02-01,2024,1,2,February,2024-02,1,1,Adam Clark,San Francisco,California,Office Supplies,Binders,Debit Card,1,3887.0,1490.0
927,B-25486,2024-02-02,2024,1,2,February,2024-02,1,1,Melissa Wise,Columbus,Ohio,Furniture,Chairs,Debit Card,14,4215.0,432.0
928,B-25548,2024-02-07,2024,1,2,February,2024-02,1,1,Joseph Wilson,Cincinnati,Ohio,Electronics,Laptops,UPI,12,8851.0,999.0
929,B-26393,2024-02-07,2024,1,2,February,2024-02,1,1,Ashley Palmer,Miami,Florida,Electronics,Printers,Credit Card,18,2258.0,135.0
930,B-25011,2024-02-10,2024,1,2,February,2024-02,1,1,Eric Bates,Columbus,Ohio,Furniture,Sofas,UPI,15,3913.0,961.0
931,B-25444,2024-02-11,2024,1,2,February,2024-02,1,1,Jessica Hunt,Springfield,Illinois,Office Supplies,Pens,EMI,5,7626.0,229.0
932,B-25456,2024-02-11,2024,1,2,February,2024-02,1,1,Stephanie Sanchez,Miami,Florida,Furniture,Sofas,Credit Card,20,5632.0,2358.0
933,B-26405,2024-02-12,2024,1,2,February,2024-02,1,1,Christopher Brooks,Peoria,Illinois,Furniture,Chairs,COD,18,7497.0,319.0
934,B-26661,2024-02-13,2024,1,2,February,2024-02,1,1,Jason Norman,Miami,Florida,Office Supplies,Pens,COD,3,2386.0,999.0
935,B-26564,2024-02-16,2024,1,2,February,2024-02,1,1,Daryl Miles,Orlando,Florida,Office Supplies,Binders,Credit Card,7,1297.0,600.0
936,B-26564,2024-02-16,2024,1,2,February,2024-02,1,1,Daryl Miles,Orlando,Florida,Electronics,Phones,COD,19,7909.0,1942.0
937,B-26999,2024-02-19,2024,1,2,February,2024-02,1,1,Edward Valencia,Miami,Florida,Furniture,Tables,UPI,5,3756.0,1318.0
938,B-26885,2024-02-20,2024,1,2,February,2024-02,1,1,Peter Castro,Dallas,Texas,Furniture,Tables,Credit Card,4,9024.0,730.0
939,B-26885,2024-02-20,2024,1,2,February,2024-02,1,1,Peter Castro,Dallas,Texas,Electronics,Laptops,Credit Card,4,2468.0,418.0
940,B-26980,2024-02-21,2024,1,2,February,2024-02,1,1,Mary Johnson,Rochester,New York,Furniture,Bookcases,Debit Card,5,9752.0,3618.0
941,B-26508,2024-02-25,2024,1,2,February,2024-02,1,1,Christopher Kirk,Miami,Florida,Electronics,Laptops,Credit Card,16,9204.0,3289.0
942,B-26508,2024-02-25,2024,1,2,February,2024-02,1,1,Christopher Kirk,Miami,Florida,Office Supplies,Paper,EMI,20,9894.0,3698.0
943,B-25329,2024-02-28,2024,1,2,February,2024-02,1,1,Stephanie Flores,San Diego,California,Furniture,Tables,Credit Card,18,5412.0,1192.0
944,B-26969,2024-03-02,2024,1,3,March,2024-03,1,1,Connie Richards,Cleveland,Ohio,Office Supplies,Markers,Credit Card,5,3348.0,568.0
945,B-26969,2024-03-02,2024,1,3,March,2024-03,1,1,Connie Richards,Cleveland,Ohio,Office Supplies,Pens,Debit Card,9,8856.0,2020.0
946,B-26321,2024-03-04,2024,1,3,March,2024-03,1,1,Christine Wheeler,Tampa,Florida,Office Supplies,Markers,Credit Card,6,2062.0,848.0
947,B-26842,2024-03-10,2024,1,3,March,2024-03,1,1,Joseph Perkins,Orlando,Florida,Office Supplies,Markers,Debit Card,19,6402.0,2770.0
948,B-26842,2024-03-10,2024,1,3,March,2024-03,1,1,Joseph Perkins,Orlando,Florida,Electronics,Printers,Debit Card,19,5916.0,1594.0
949,B-25735,2024-03-11,2024,1,3,March,2024-03,1,1,Bryan Baird,Peoria,Illinois,Office Supplies,Markers,EMI,7,7122.0,1982.0
950,B-26522,2024-03-12,2024,1,3,March,2024-03,1,1,Bryan Anderson,Los Angeles,California,Furniture,Bookcases,EMI,9,5994.0,2826.0
951,B-26601,2024-03-13,2024,1,3,March,2024-03,1,1,Melinda Montoya,San Francisco,California,Furniture,Bookcases,UPI,19,9574.0,4045.0
952,B-26601,2024-03-13,2024,1,3,March,2024-03,1,1,Melinda Montoya,San Francisco,California,Electronics,Electronic Games,COD,17,4382.0,482.0
953,B-25976,2024-03-15,2024,1,3,March,2024-03,1,1,Martha Carney,New York City,New York,Electronics,Electronic Games,UPI,3,4307.0,615.0
954,B-25976,2024-03-15,2024,1,3,March,2024-03,1,1,Martha Carney,New York City,New York,Furniture,Chairs,EMI,5,5694.0,1134.0
955,B-26209,2024-03-17,2024,1,3,March,2024-03,1,1,Bianca Brown,Columbus,Ohio,Office Supplies,Pens,Debit Card,17,4404.0,858.0
956,B-26209,2024-03-17,2024,1,3,March,2024-03,1,1,Bianca Brown,Columbus,Ohio,Furniture,Sofas,Credit Card,15,8776.0,2529.0
957,B-26522,2024-03-17,2024,1,3,March,2024-03,1,1,Sarah Miller,New York City,New York,Furniture,Bookcases,EMI,9,5994.0,2826.0
958,B-25381,2024-03-21,2024,1,3,March,2024-03,1,1,Barry Garcia,Springfield,Illinois,Office Supplies,Markers,EMI,13,4220.0,945.0
959,B-25673,2024-03-23,2024,1,3,March,2024-03,1,1,Kimberly Fuller,Buffalo,New York,Furniture,Tables,EMI,17,5306.0,2405.0
960,B-25714,2024-03-24,2024,1,3,March,2024-03,1,1,Charles Lane,Dallas,Texas,Electronics,Electronic Games,UPI,12,6962.0,3429.0
961,B-26279,2024-03-27,2024,1,3,March,2024-03,1,1,Mrs. Lauren Potter Dds,Columbus,Ohio,Office Supplies,Markers,Credit Card,5,3747.0,410.0
962,B-26279,2024-03-27,2024,1,3,March,2024-03,1,1,Mrs. Lauren Potter Dds,Columbus,Ohio,Office Supplies,Binders,UPI,4,3194.0,534.0
963,B-26598,2024-03-27,2024,1,3,March,2024-03,1,1,Jessica Barajas,Peoria,Illinois,Electronics,Printers,Credit Card,17,1093.0,397.0
964,B-26598,2024-03-27,2024,1,3,March,2024-03,1,1,Jessica Barajas,Peoria,Illinois,Office Supplies,Paper,Debit Card,11,2636.0,88.0
965,B-25851,2024-03-30,2024,1,3,March,2024-03,1,1,Julie Chavez,Cincinnati,Ohio,Electronics,Phones,UPI,16,3273.0,85.0
966,B-26456,2024-03-30,2024,1,3,March,2024-03,1,1,Robert Mosley,Cincinnati,Ohio,Furniture,Tables,COD,11,5954.0,2618.0
967,B-25234,2024-04-02,2024,2,4,April,2024-04,1,1,Nancy Kennedy,Dallas,Texas,Office Supplies,Paper,UPI,2,5024.0,379.0
968,B-26955,2024-04-07,2024,2,4,April,2024-04,1,1,Kristine Carter,Houston,Texas,Office Supplies,Binders,Debit Card,3,7301.0,3602.0
969,B-25978,2024-04-10,2024,2,4,April,2024-04,1,1,Malik Walker,New York City,New York,Furniture,Sofas,COD,8,6622.0,2673.0
970,B-26167,2024-04-13,2024,2,4,April,2024-04,1,1,Shane Clark,San Diego,California,Furniture,Chairs,EMI,1,5343.0,655.0
971,B-25044,2024-04-16,2024,2,4,April,2024-04,1,1,April Welch,Springfield,Illinois,Office Supplies,Paper,Credit Card,9,2493.0,1221.0
972,B-25044,2024-04-16,2024,2,4,April,2024-04,1,1,April Welch,Springfield,Illinois,Office Supplies,Pens,Credit Card,1,9849.0,963.0
973,B-25895,2024-04-16,2024,2,4,April,2024-04,1,1,Donald Medina,Houston,Texas,Electronics,Phones,EMI,11,7478.0,1381.0
974,B-26159,2024-04-16,2024,2,4,April,2024-04,1,1,Richard Petersen,Chicago,Illinois,Electronics,Phones,UPI,15,7484.0,2871.0
975,B-26159,2024-04-16,2024,2,4,April,2024-04,1,1,Richard Petersen,Chicago,Illinois,Furniture,Sofas,Credit Card,1,7700.0,2712.0
976,B-26245,2024-04-16,2024,2,4,April,2024-04,1,1,Raymond Bean,Springfield,Illinois,Office Supplies,Paper,EMI,5,4172.0,235.0
977,B-25226,2024-04-23,2024,2,4,April,2024-04,1,1,Nicole Warren,Los Angeles,California,Office Supplies,Pens,UPI,2,9808.0,2117.0
978,B-25222,2024-04-24,2024,2,4,April,2024-04,1,1,Alicia Allen,Dallas,Texas,Furniture,Tables,EMI,2,4852.0,218.0
979,B-25120,2024-04-25,2024,2,4,April,2024-04,1,1,James Clarke,Dallas,Texas,Electronics,Phones,Debit Card,6,7122.0,1836.0
980,B-25120,2024-04-25,2024,2,4,April,2024-04,1,1,James Clarke,Dallas,Texas,Office Supplies,Markers,Credit Card,15,7327.0,2596.0
981,B-25916,2024-04-29,2024,2,4,April,2024-04,1,1,Claudia Curry,Austin,Texas,Electronics,Phones,UPI,7,6009.0,2107.0
982,B-25916,2024-04-29,2024,2,4,April,2024-04,1,1,Claudia Curry,Austin,Texas,Furniture,Tables,Credit Card,3,2858.0,230.0
983,B-25916,2024-04-29,2024,2,4,April,2024-04,1,1,Claudia Curry,Austin,Texas,Furniture,Sofas,Credit Card,7,8175.0,525.0
984,B-25916,2024-04-29,2024,2,4,April,2024-04,1,1,Claudia Curry,Austin,Texas,Furniture,Sofas,UPI,18,5846.0,586.0
985,B-26910,2024-04-29,2024,2,4,April,2024-04,1,1,Mr. Ralph Garcia Jr.,Rochester,New York,Furniture,Tables,COD,9,9680.0,3295.0
986,B-26910,2024-04-29,2024,2,4,April,2024-04,1,1,Mr. Ralph Garcia Jr.,Rochester,New York,Office Supplies,Pens,UPI,8,8468.0,3666.0
987,B-26910,2024-04-29,2024,2,4,April,2024-04,1,1,Mr. Ralph Garcia Jr.,Rochester,New York,Furniture,Chairs,Debit Card,14,4441.0,314.0
988,B-26425,2024-05-01,2024,2,5,May,2024-05,1,1,William Cook,Cleveland,Ohio,Office Supplies,Binders,Debit Card,3,6891.0,2529.0
989,B-25881,2024-05-02,2024,2,5,May,2024-05,1,1,Sherri Ferguson Dvm,Austin,Texas,Furniture,Tables,Debit Card,8,8709.0,2322.0
990,B-26409,2024-05-02,2024,2,5,May,2024-05,1,1,Scott Harris,Los Angeles,California,Furniture,Sofas,Credit Card,1,3024.0,1353.0
991,B-25645,2024-05-05,2024,2,5,May,2024-05,1,1,Brett Mullins,Orlando,Florida,Furniture,Sofas,UPI,4,8383.0,937.0
992,B-26904,2024-05-08,2024,2,5,May,2024-05,1,1,Devon Schmitt,Austin,Texas,Office Supplies,Paper,Debit Card,19,594.0,67.0
993,B-26942,2024-05-11,2024,2,5,May,2024-05,1,1,John Fields,Orlando,Florida,Office Supplies,Pens,Debit Card,12,1525.0,185.0
994,B-25251,2024-05-13,2024,2,5,May,2024-05,1,1,Tiffany Parker,Houston,Texas,Furniture,Chairs,COD,6,2895.0,104.0
995,B-25251,2024-05-13,2024,2,5,May,2024-05,1,1,Tiffany Parker,Houston,Texas,Furniture,Chairs,UPI,1,697.0,116.0
996,B-25038,2024-05-14,2024,2,5,May,2024-05,1,1,Jeff Duncan,Cincinnati,Ohio,Furniture,Chairs,Debit Card,2,738.0,342.0
997,B-25983,2024-05-19,2024,2,5,May,2024-05,1,1,Jeffrey Kline,Miami,Florida,Office Supplies,Paper,Debit Card,10,6517.0,1581.0
998,B-25983,2024-05-19,2024,2,5,May,2024-05,1,1,Jeffrey Kline,Miami,Florida,Furniture,Tables,Credit Card,11,1166.0,349.0
999,B-26309,2024-05-20,2024,2,5,May,2024-05,1,1,John Jones,San Diego,California,Furniture,Tables,UPI,4,6672.0,3319.0
1000,B-26138,2024-05-21,2024,2,5,May,2024-05,1,1,Carl Ryan,Dallas,Texas,Furniture,Bookcases,UPI,19,3084.0,611.0
1001,B-26789,2024-05-21,2024,2,5,May,2024-05,1,1,Cheryl Johnson,Cincinnati,Ohio,Office Supplies,Binders,UPI,12,4699.0,103.0
1002,B-25762,2024-05-24,2024,2,5,May,2024-05,1,1,Jason Wilson,Austin,Texas,Electronics,Electronic Games,COD,13,2858.0,482.0
1003,B-26792,2024-05-26,2024,2,5,May,2024-05,1,1,Andrew Macias,Austin,Texas,Office Supplies,Pens,EMI,3,3288.0,1477.0
1004,B-25106,2024-05-28,2024,2,5,May,2024-05,1,1,Dr. Jennifer Benton Dvm,Springfield,Illinois,Electronics,Phones,Credit Card,16,9090.0,3098.0
1005,B-25106,2024-05-28,2024,2,5,May,2024-05,1,1,Dr. Jennifer Benton Dvm,Springfield,Illinois,Electronics,Electronic Games,Credit Card,11,851.0,356.0
1006,B-25383,2024-05-29,2024,2,5,May,2024-05,1,1,Kayla Becker,Los Angeles,California,Furniture,Chairs,Credit Card,8,5410.0,2456.0
1007,B-26739,2024-05-29,2024,2,5,May,2024-05,1,1,Brooke Gonzalez,Miami,Florida,Furniture,Tables,UPI,3,2689.0,1330.0
1008,B-25553,2024-05-30,2024,2,5,May,2024-05,1,1,Karen Johnson,Rochester,New York,Electronics,Phones,UPI,11,9380.0,414.0
1009,B-25553,2024-05-30,2024,2,5,May,2024-05,1,1,Karen Johnson,Rochester,New York,Office Supplies,Binders,Credit Card,18,8558.0,1644.0
1010,B-25553,2024-05-30,2024,2,5,May,2024-05,1,1,Karen Johnson,Rochester,New York,Office Supplies,Paper,COD,17,4080.0,72.0
1011,B-25042,2024-05-31,2024,2,5,May,2024-05,1,1,Spencer Spears,Chicago,Illinois,Furniture,Tables,COD,1,6903.0,105.0
1012,B-25042,2024-05-31,2024,2,5,May,2024-05,1,1,Spencer Spears,Chicago,Illinois,Office Supplies,Pens,COD,7,8793.0,3010.0
1013,B-25166,2024-06-06,2024,2,6,June,2024-06,1,1,Sarah Torres,San Diego,California,Furniture,Chairs,UPI,17,1133.0,73.0
1014,B-25166,2024-06-06,2024,2,6,June,2024-06,1,1,Sarah Torres,San Diego,California,Furniture,Bookcases,COD,19,6248.0,1168.0
1015,B-26890,2024-06-07,2024,2,6,June,2024-06,1,1,Mr. Eric Lopez,Buffalo,New York,Electronics,Laptops,Credit Card,4,7333.0,1576.0
1016,B-25441,2024-06-08,2024,2,6,June,2024-06,1,1,Andrew Krueger,Rochester,New York,Furniture,Sofas,Credit Card,16,9914.0,3858.0
1017,B-25441,2024-06-08,2024,2,6,June,2024-06,1,1,Andrew Krueger,Rochester,New York,Office Supplies,Pens,Debit Card,7,5470.0,292.0
1018,B-25441,2024-06-08,2024,2,6,June,2024-06,1,1,Andrew Krueger,Rochester,New York,Furniture,Bookcases,UPI,17,1496.0,662.0
1019,B-25325,2024-06-12,2024,2,6,June,2024-06,1,1,Jean Jackson,San Francisco,California,Electronics,Phones,Credit Card,18,3944.0,1559.0
1020,B-25325,2024-06-12,2024,2,6,June,2024-06,1,1,Jean Jackson,San Francisco,California,Office Supplies,Pens,Credit Card,12,6711.0,1045.0
1021,B-25325,2024-06-12,2024,2,6,June,2024-06,1,1,Jean Jackson,San Francisco,California,Furniture,Tables,Credit Card,4,5031.0,714.0
1022,B-25325,2024-06-12,2024,2,6,June,2024-06,1,1,Jean Jackson,San Francisco,California,Office Supplies,Binders,EMI,14,6295.0,2469.0
1023,B-25658,2024-06-15,2024,2,6,June,2024-06,1,1,Alison Martin,Buffalo,New York,Office Supplies,Markers,UPI,12,1290.0,204.0
1024,B-25873,2024-06-15,2024,2,6,June,2024-06,1,1,Meghan Ballard,New York City,New York,Electronics,Electronic Games,UPI,2,2684.0,713.0
1025,B-26675,2024-06-15,2024,2,6,June,2024-06,1,1,Daniel Price,New York City,New York,Electronics,Electronic Games,EMI,18,6499.0,2189.0
1026,B-25243,2024-06-16,2024,2,6,June,2024-06,1,1,Cory Evans,Orlando,Florida,Electronics,Laptops,UPI,6,6113.0,2508.0
1027,B-25243,2024-06-16,2024,2,6,June,2024-06,1,1,Cory Evans,Orlando,Florida,Furniture,Tables,EMI,15,7733.0,2784.0
1028,B-25243,2024-06-16,2024,2,6,June,2024-06,1,1,Cory Evans,Orlando,Florida,Furniture,Tables,COD,14,8524.0,154.0
1029,B-25243,2024-06-16,2024,2,6,June,2024-06,1,1,Cory Evans,Orlando,Florida,Furniture,Bookcases,EMI,15,6187.0,2344.0
1030,B-26528,2024-06-16,2024,2,6,June,2024-06,1,1,Donald Hernandez,San Francisco,California,Furniture,Sofas,COD,19,2663.0,64.0
1031,B-26554,2024-06-16,2024,2,6,June,2024-06,1,1,Louis Jimenez,Tampa,Florida,Office Supplies,Paper,Credit Card,5,7564.0,3463.0
1032,B-26554,2024-06-16,2024,2,6,June,2024-06,1,1,Louis Jimenez,Tampa,Florida,Electronics,Electronic Games,UPI,20,3409.0,1605.0
1033,B-25789,2024-06-22,2024,2,6,June,2024-06,1,1,John Silva,Los Angeles,California,Furniture,Bookcases,UPI,5,3659.0,379.0
1034,B-26975,2024-06-23,2024,2,6,June,2024-06,1,1,Elizabeth Gonzalez,San Diego,California,Furniture,Bookcases,Credit Card,19,622.0,218.0
1035,B-26975,2024-06-23,2024,2,6,June,2024-06,1,1,Elizabeth Gonzalez,San Diego,California,Office Supplies,Pens,UPI,18,1755.0,495.0
1036,B-26975,2024-06-23,2024,2,6,June,2024-06,1,1,Elizabeth Gonzalez,San Diego,California,Electronics,Electronic Games,EMI,20,8020.0,3898.0
1037,B-26212,2024-06-25,2024,2,6,June,2024-06,1,1,Janet Carlson,Miami,Florida,Office Supplies,Markers,Debit Card,13,8850.0,279.0
1038,B-26212,2024-06-25,2024,2,6,June,2024-06,1,1,Janet Carlson,Miami,Florida,Office Supplies,Paper,Debit Card,6,8667.0,1266.0
1039,B-25594,2024-06-26,2024,2,6,June,2024-06,1,1,Michael Stewart,Peoria,Illinois,Electronics,Electronic Games,Credit Card,7,2931.0,212.0
1040,B-26554,2024-07-01,2024,3,7,July,2024-07,1,1,Connie Olson,Houston,Texas,Office Supplies,Paper,Credit Card,5,7564.0,3463.0
1041,B-26554,2024-07-01,2024,3,7,July,2024-07,1,1,Connie Olson,Houston,Texas,Electronics,Electronic Games,UPI,20,3409.0,1605.0
1042,B-25742,2024-07-02,2024,3,7,July,2024-07,1,1,Taylor White,Springfield,Illinois,Office Supplies,Paper,Debit Card,3,9565.0,1691.0
1043,B-25742,2024-07-02,2024,3,7,July,2024-07,1,1,Taylor White,Springfield,Illinois,Office Supplies,Paper,EMI,11,8245.0,324.0
1044,B-26287,2024-07-02,2024,3,7,July,2024-07,1,1,Renee Solomon,Tampa,Florida,Office Supplies,Paper,COD,2,2684.0,670.0
1045,B-26287,2024-07-02,2024,3,7,July,2024-07,1,1,Renee Solomon,Tampa,Florida,Furniture,Sofas,Credit Card,5,822.0,147.0
1046,B-26287,2024-07-02,2024,3,7,July,2024-07,1,1,Renee Solomon,Tampa,Florida,Furniture,Chairs,EMI,2,9730.0,2341.0
1047,B-26287,2024-07-02,2024,3,7,July,2024-07,1,1,Renee Solomon,Tampa,Florida,Electronics,Electronic Games,COD,2,2483.0,236.0
1048,B-26018,2024-07-04,2024,3,7,July,2024-07,1,1,Whitney Stout,Austin,Texas,Furniture,Bookcases,COD,18,3098.0,957.0
1049,B-26365,2024-07-05,2024,3,7,July,2024-07,1,1,Mr. Curtis Bailey,Tampa,Florida,Furniture,Tables,UPI,14,1895.0,391.0
1050,B-26365,2024-07-05,2024,3,7,July,2024-07,1,1,Mr. Curtis Bailey,Tampa,Florida,Office Supplies,Binders,COD,13,5323.0,322.0
1051,B-25328,2024-07-07,2024,3,7,July,2024-07,1,1,Debra Smith,Austin,Texas,Electronics,Electronic Games,Credit Card,4,8780.0,3430.0
1052,B-25200,2024-07-08,2024,3,7,July,2024-07,1,1,Marissa Hartman,Buffalo,New York,Office Supplies,Paper,UPI,6,9653.0,2471.0
1053,B-26496,2024-07-09,2024,3,7,July,2024-07,1,1,Daniel Mosley,Los Angeles,California,Office Supplies,Markers,Credit Card,20,1801.0,641.0
1054,B-26496,2024-07-09,2024,3,7,July,2024-07,1,1,Daniel Mosley,Los Angeles,California,Furniture,Tables,Debit Card,10,5301.0,817.0
1055,B-26496,2024-07-09,2024,3,7,July,2024-07,1,1,Daniel Mosley,Los Angeles,California,Office Supplies,Paper,Debit Card,12,1166.0,520.0
1056,B-26496,2024-07-09,2024,3,7,July,2024-07,1,1,Daniel Mosley,Los Angeles,California,Office Supplies,Paper,Debit Card,15,3196.0,1411.0
1057,B-26397,2024-07-11,2024,3,7,July,2024-07,1,1,Marcus Flores,Los Angeles,California,Furniture,Tables,Credit Card,18,6200.0,2321.0
1058,B-26607,2024-07-13,2024,3,7,July,2024-07,1,1,Maria Miller,Buffalo,New York,Furniture,Bookcases,UPI,20,1085.0,301.0
1059,B-25006,2024-07-18,2024,3,7,July,2024-07,1,1,Daniel Dixon,San Diego,California,Office Supplies,Pens,Debit Card,17,5831.0,1574.0
1060,B-25157,2024-07-18,2024,3,7,July,2024-07,1,1,Lisa Graham,Peoria,Illinois,Electronics,Electronic Games,UPI,18,6471.0,2842.0
1061,B-25477,2024-07-27,2024,3,7,July,2024-07,1,1,Cynthia Smith,Rochester,New York,Office Supplies,Markers,COD,7,7195.0,1665.0
1062,B-26146,2024-07-28,2024,3,7,July,2024-07,1,1,Megan Charles,Tampa,Florida,Electronics,Printers,COD,18,2239.0,1094.0
1063,B-26146,2024-07-28,2024,3,7,July,2024-07,1,1,Megan Charles,Tampa,Florida,Office Supplies,Markers,COD,1,4932.0,1153.0
1064,B-25564,2024-07-30,2024,3,7,July,2024-07,1,1,Zachary Pierce,Houston,Texas,Office Supplies,Paper,EMI,8,2451.0,342.0
1065,B-26370,2024-07-31,2024,3,7,July,2024-07,1,1,Megan Mclean,New York City,New York,Furniture,Tables,Debit Card,15,8825.0,3594.0
1066,B-25159,2024-08-01,2024,3,8,August,2024-08,1,1,Cassandra Jordan,Peoria,Illinois,Office Supplies,Markers,UPI,16,5338.0,1354.0
1067,B-25032,2024-08-06,2024,3,8,August,2024-08,1,1,Denise Hampton,San Francisco,California,Office Supplies,Markers,UPI,12,7784.0,2937.0
1068,B-25032,2024-08-06,2024,3,8,August,2024-08,1,1,Denise Hampton,San Francisco,California,Office Supplies,Pens,COD,3,5591.0,1696.0
1069,B-25032,2024-08-06,2024,3,8,August,2024-08,1,1,Denise Hampton,San Francisco,California,Electronics,Electronic Games,COD,12,5122.0,2413.0
1070,B-25630,2024-08-07,2024,3,8,August,2024-08,1,1,Charles Williams,Dallas,Texas,Electronics,Laptops,Debit Card,6,5951.0,936.0
1071,B-26065,2024-08-09,2024,3,8,August,2024-08,1,1,Rebecca Owen,Springfield,Illinois,Furniture,Chairs,Credit Card,13,7930.0,1981.0
1072,B-25443,2024-08-21,2024,3,8,August,2024-08,1,1,Kathy Wilson,Dallas,Texas,Electronics,Phones,EMI,9,4544.0,1726.0
1073,B-25443,2024-08-21,2024,3,8,August,2024-08,1,1,Kathy Wilson,Dallas,Texas,Electronics,Phones,UPI,20,5900.0,1738.0
1074,B-25462,2024-08-21,2024,3,8,August,2024-08,1,1,Randy Acosta,Tampa,Florida,Electronics,Laptops,COD,6,5730.0,482.0
1075,B-26144,2024-08-23,2024,3,8,August,2024-08,1,1,Andrew Griffin,Chicago,Illinois,Furniture,Sofas,EMI,15,3461.0,1537.0
1076,B-26144,2024-08-23,2024,3,8,August,2024-08,1,1,Andrew Griffin,Chicago,Illinois,Electronics,Electronic Games,Credit Card,6,5714.0,1438.0
1077,B-26144,2024-08-23,2024,3,8,August,2024-08,1,1,Andrew Griffin,Chicago,Illinois,Office Supplies,Binders,COD,10,3853.0,1457.0
1078,B-26964,2024-08-29,2024,3,8,August,2024-08,1,1,Brandon Kirk,Cleveland,Ohio,Office Supplies,Pens,Credit Card,15,3522.0,898.0
1079,B-25868,2024-08-31,2024,3,8,August,2024-08,1,1,Autumn Lee,Columbus,Ohio,Office Supplies,Binders,Credit Card,5,2944.0,249.0
1080,B-26598,2024-09-01,2024,3,9,September,2024-09,1,1,Jamie Jimenez,Buffalo,New York,Electronics,Printers,Credit Card,17,1093.0,397.0
1081,B-26598,2024-09-01,2024,3,9,September,2024-09,1,1,Jamie Jimenez,Buffalo,New York,Office Supplies,Paper,Debit Card,11,2636.0,88.0
1082,B-25884,2024-09-04,2024,3,9,September,2024-09,1,1,Sean Elliott,San Francisco,California,Electronics,Printers,Credit Card,20,9538.0,3158.0
1083,B-25884,2024-09-04,2024,3,9,September,2024-09,1,1,Sean Elliott,San Francisco,California,Furniture,Chairs,EMI,14,9035.0,1227.0
1084,B-26322,2024-09-06,2024,3,9,September,2024-09,1,1,David Brown,Peoria,Illinois,Office Supplies,Markers,EMI,2,5934.0,1563.0
1085,B-25369,2024-09-08,2024,3,9,September,2024-09,1,1,Julie Smith Md,Rochester,New York,Electronics,Laptops,Credit Card,9,1579.0,602.0
1086,B-25369,2024-09-08,2024,3,9,September,2024-09,1,1,Julie Smith Md,Rochester,New York,Furniture,Chairs,EMI,19,3760.0,1849.0
1087,B-25497,2024-09-13,2024,3,9,September,2024-09,1,1,Paul Bryant,Buffalo,New York,Furniture,Bookcases,Credit Card,14,2995.0,220.0
1088,B-25497,2024-09-13,2024,3,9,September,2024-09,1,1,Paul Bryant,Buffalo,New York,Office Supplies,Markers,Debit Card,5,2047.0,914.0
1089,B-25889,2024-09-13,2024,3,9,September,2024-09,1,1,Jennifer Hernandez,Cleveland,Ohio,Electronics,Laptops,Credit Card,12,7992.0,893.0
1090,B-26742,2024-09-17,2024,3,9,September,2024-09,1,1,Tony Maddox,San Francisco,California,Electronics,Phones,Credit Card,19,4358.0,526.0
1091,B-26742,2024-09-17,2024,3,9,September,2024-09,1,1,Tony Maddox,San Francisco,California,Electronics,Phones,Credit Card,8,6459.0,825.0
1092,B-26628,2024-09-19,2024,3,9,September,2024-09,1,1,George Ashley,Houston,Texas,Furniture,Sofas,Debit Card,3,9609.0,4339.0
1093,B-26397,2024-09-21,2024,3,9,September,2024-09,1,1,Tonya Long,Miami,Florida,Furniture,Tables,Credit Card,18,6200.0,2321.0
1094,B-26076,2024-09-24,2024,3,9,September,2024-09,1,1,Sean Smith,Cleveland,Ohio,Electronics,Phones,Debit Card,11,2750.0,1239.0
1095,B-26076,2024-09-24,2024,3,9,September,2024-09,1,1,Sean Smith,Cleveland,Ohio,Office Supplies,Pens,EMI,19,8639.0,3104.0
1096,B-26554,2024-10-01,2024,4,10,October,2024-10,1,1,Renee Gomez,Miami,Florida,Office Supplies,Paper,Credit Card,5,7564.0,3463.0
1097,B-26554,2024-10-01,2024,4,10,October,2024-10,1,1,Renee Gomez,Miami,Florida,Electronics,Electronic Games,UPI,20,3409.0,1605.0
1098,B-25488,2024-10-05,2024,4,10,October,2024-10,1,1,Christopher Thomas,New York City,New York,Furniture,Sofas,UPI,5,1388.0,345.0
1099,B-25488,2024-10-05,2024,4,10,October,2024-10,1,1,Christopher Thomas,New York City,New York,Electronics,Laptops,Credit Card,8,8555.0,1638.0
1100,B-25819,2024-10-05,2024,4,10,October,2024-10,1,1,Eric Johnson,Cleveland,Ohio,Office Supplies,Pens,EMI,11,2589.0,605.0
1101,B-26122,2024-10-07,2024,4,10,October,2024-10,1,1,Michael Jimenez,Los Angeles,California,Office Supplies,Paper,UPI,20,4116.0,921.0
1102,B-26038,2024-10-08,2024,4,10,October,2024-10,1,1,Kimberly King,Columbus,Ohio,Electronics,Phones,Debit Card,5,8400.0,267.0
1103,B-26038,2024-10-08,2024,4,10,October,2024-10,1,1,Kimberly King,Columbus,Ohio,Office Supplies,Paper,EMI,15,4963.0,1254.0
1104,B-25189,2024-10-12,2024,4,10,October,2024-10,1,1,Matthew Blake,San Francisco,California,Office Supplies,Paper,EMI,4,7620.0,125.0
1105,B-25839,2024-10-15,2024,4,10,October,2024-10,1,1,David Allen,Tampa,Florida,Office Supplies,Paper,Debit Card,9,4521.0,1778.0
1106,B-26466,2024-10-17,2024,4,10,October,2024-10,1,1,Karina Barr,Dallas,Texas,Office Supplies,Markers,EMI,2,3479.0,1087.0
1107,B-26466,2024-10-17,2024,4,10,October,2024-10,1,1,Karina Barr,Dallas,Texas,Electronics,Printers,EMI,7,5457.0,1765.0
1108,B-25159,2024-10-21,2024,4,10,October,2024-10,1,1,Shannon Maynard,Orlando,Florida,Office Supplies,Markers,UPI,16,5338.0,1354.0
1109,B-26258,2024-10-21,2024,4,10,October,2024-10,1,1,Beverly Lamb,Chicago,Illinois,Electronics,Laptops,Debit Card,20,2710.0,555.0
1110,B-26258,2024-10-21,2024,4,10,October,2024-10,1,1,Beverly Lamb,Chicago,Illinois,Office Supplies,Binders,UPI,14,3224.0,1018.0
1111,B-25068,2024-10-26,2024,4,10,October,2024-10,1,1,Andrea Hill,Chicago,Illinois,Office Supplies,Markers,UPI,13,914.0,163.0
1112,B-25888,2024-10-31,2024,4,10,October,2024-10,1,1,Victor Collins,San Diego,California,Furniture,Chairs,COD,6,8858.0,3394.0
1113,B-26759,2024-11-10,2024,4,11,November,2024-11,1,1,Rebecca Smith,Dallas,Texas,Office Supplies,Binders,COD,8,8563.0,2624.0
1114,B-26759,2024-11-10,2024,4,11,November,2024-11,1,1,Rebecca Smith,Dallas,Texas,Electronics,Printers,COD,20,4441.0,281.0
1115,B-25603,2024-11-14,2024,4,11,November,2024-11,1,1,Jamie Brewer,Springfield,Illinois,Office Supplies,Markers,UPI,19,9272.0,1771.0
1116,B-25330,2024-11-17,2024,4,11,November,2024-11,1,1,Katrina Wood,Chicago,Illinois,Office Supplies,Pens,Debit Card,16,2957.0,917.0
1117,B-25881,2024-11-21,2024,4,11,November,2024-11,1,1,Kristin Hart,San Francisco,California,Furniture,Tables,Debit Card,8,8709.0,2322.0
1118,B-26353,2024-11-22,2024,4,11,November,2024-11,1,1,Danielle Ramirez,San Francisco,California,Furniture,Chairs,Debit Card,18,5317.0,1345.0
1119,B-26353,2024-11-22,2024,4,11,November,2024-11,1,1,Danielle Ramirez,San Francisco,California,Furniture,Tables,EMI,14,6304.0,766.0
1120,B-25465,2024-11-24,2024,4,11,November,2024-11,1,1,Crystal Chambers,New York City,New York,Furniture,Tables,Credit Card,16,717.0,158.0
1121,B-25465,2024-11-24,2024,4,11,November,2024-11,1,1,Crystal Chambers,New York City,New York,Furniture,Sofas,UPI,17,508.0,177.0
1122,B-25574,2024-11-25,2024,4,11,November,2024-11,1,1,Jason Hernandez,San Francisco,California,Electronics,Printers,Debit Card,7,5313.0,2037.0
1123,B-26572,2024-11-25,2024,4,11,November,2024-11,1,1,Mark Roy,San Francisco,California,Furniture,Bookcases,EMI,14,5911.0,2333.0
1124,B-26572,2024-11-25,2024,4,11,November,2024-11,1,1,Mark Roy,San Francisco,California,Office Supplies,Markers,EMI,11,1818.0,738.0
1125,B-25471,2024-11-27,2024,4,11,November,2024-11,1,1,Tara Hughes,Tampa,Florida,Furniture,Chairs,Debit Card,9,1146.0,188.0
1126,B-26526,2024-12-05,2024,4,12,December,2024-12,1,1,Sabrina Buckley,Rochester,New York,Electronics,Phones,Credit Card,4,599.0,265.0
1127,B-26526,2024-12-05,2024,4,12,December,2024-12,1,1,Sabrina Buckley,Rochester,New York,Furniture,Bookcases,Credit Card,10,2727.0,543.0
1128,B-25342,2024-12-06,2024,4,12,December,2024-12,1,1,Nancy Jones,Cleveland,Ohio,Office Supplies,Binders,UPI,9,949.0,301.0
1129,B-25342,2024-12-06,2024,4,12,December,2024-12,1,1,Nancy Jones,Cleveland,Ohio,Office Supplies,Binders,EMI,6,6823.0,771.0
1130,B-25342,2024-12-06,2024,4,12,December,2024-12,1,1,Nancy Jones,Cleveland,Ohio,Furniture,Tables,EMI,2,4364.0,831.0
1131,B-25690,2024-12-07,2024,4,12,December,2024-12,1,1,Mark Blackburn,Dallas,Texas,Electronics,Printers,EMI,20,523.0,95.0
1132,B-25154,2024-12-09,2024,4,12,December,2024-12,1,1,Mark Rodriguez,New York City,New York,Office Supplies,Binders,Credit Card,5,3977.0,813.0
1133,B-26026,2024-12-12,2024,4,12,December,2024-12,1,1,Kelsey Castaneda,Cleveland,Ohio,Office Supplies,Paper,Debit Card,2,953.0,93.0
1134,B-26026,2024-12-12,2024,4,12,December,2024-12,1,1,Kelsey Castaneda,Cleveland,Ohio,Furniture,Sofas,COD,3,7355.0,1034.0
1135,B-26026,2024-12-12,2024,4,12,December,2024-12,1,1,Kelsey Castaneda,Cleveland,Ohio,Electronics,Phones,Credit Card,3,1843.0,248.0
1136,B-26026,2024-12-12,2024,4,12,December,2024-12,1,1,Kelsey Castaneda,Cleveland,Ohio,Office Supplies,Pens,Debit Card,10,1603.0,361.0
1137,B-26225,2024-12-14,2024,4,12,December,2024-12,1,1,William Beck,Tampa,Florida,Electronics,Phones,COD,2,1992.0,355.0
1138,B-25658,2024-12-19,2024,4,12,December,2024-12,1,1,Samuel Wallace,San Francisco,California,Office Supplies,Markers,UPI,12,1290.0,204.0
1139,B-26066,2024-12-19,2024,4,12,December,2024-12,1,1,Carl Wade Dds,Buffalo,New York,Office Supplies,Markers,EMI,19,6673.0,950.0
1140,B-26119,2024-12-26,2024,4,12,December,2024-12,1,1,Michelle Hardy,Dallas,Texas,Office Supplies,Pens,Debit Card,12,3956.0,142.0
1141,B-26119,2024-12-26,2024,4,12,December,2024-12,1,1,Michelle Hardy,Dallas,Texas,Furniture,Bookcases,EMI,11,6449.0,2628.0
1142,B-26470,2024-12-27,2024,4,12,December,2024-12,1,1,Morgan Montes,San Diego,California,Furniture,Tables,EMI,6,3090.0,573.0
1143,B-26470,2024-12-27,2024,4,12,December,2024-12,1,1,Morgan Montes,San Diego,California,Electronics,Printers,UPI,5,9683.0,1014.0
1144,B-26776,2024-12-27,2024,4,12,December,2024-12,1,1,Connor Morgan,Chicago,Illinois,Electronics,Electronic Games,UPI,5,9726.0,1275.0
1145,B-26776,2024-12-27,2024,4,12,December,2024-12,1,1,Connor Morgan,Chicago,Illinois,Electronics,Printers,UPI,14,4975.0,1330.0
1146,B-26797,2024-12-27,2024,4,12,December,2024-12,1,1,Caitlin Thomas,New York City,New York,Furniture,Tables,Credit Card,6,2759.0,1149.0
1147,B-26495,2024-12-28,2024,4,12,December,2024-12,1,1,Patricia Davis,Chicago,Illinois,Office Supplies,Markers,UPI,3,3451.0,658.0
1148,B-26961,2024-12-29,2024,4,12,December,2024-12,1,1,Nicholas Tucker,Miami,Florida,Furniture,Sofas,Debit Card,5,5193.0,2530.0
1149,B-25051,2024-12-30,2024,4,12,December,2024-12,1,1,Lawrence Robinson,Rochester,New York,Office Supplies,Paper,Credit Card,6,725.0,133.0
1150,B-25051,2024-12-30,2024,4,12,December,2024-12,1,1,Lawrence Robinson,Rochester,New York,Furniture,Tables,Credit Card,2,7201.0,2685.0
1151,B-25329,2025-01-03,2025,1,1,January,2025-01,1,0,Gregory English,Los Angeles,California,Furniture,Tables,Credit Card,18,5412.0,1192.0
1152,B-25400,2025-01-06,2025,1,1,January,2025-01,1,0,Nicholas Johnson,Dallas,Texas,Electronics,Printers,UPI,17,7759.0,3741.0
1153,B-25400,2025-01-06,2025,1,1,January,2025-01,1,0,Nicholas Johnson,Dallas,Texas,Office Supplies,Markers,Debit Card,16,7521.0,3457.0
1154,B-26420,2025-01-06,2025,1,1,January,2025-01,1,0,Christopher Walker,Cincinnati,Ohio,Furniture,Sofas,Debit Card,14,4897.0,1001.0
1155,B-25163,2025-01-11,2025,1,1,January,2025-01,1,0,Douglas Reynolds,Los Angeles,California,Office Supplies,Pens,UPI,14,3411.0,1704.0
1156,B-26168,2025-01-14,2025,1,1,January,2025-01,1,0,Jerry Smith,San Diego,California,Office Supplies,Pens,Debit Card,9,8848.0,2090.0
1157,B-25024,2025-01-15,2025,1,1,January,2025-01,1,0,Christopher Stone,Cincinnati,Ohio,Office Supplies,Markers,EMI,2,9002.0,4197.0
1158,B-26457,2025-01-15,2025,1,1,January,2025-01,1,0,Mario Hall,New York City,New York,Furniture,Tables,Credit Card,7,5376.0,1928.0
1159,B-25940,2025-01-25,2025,1,1,January,2025-01,1,0,Ryan Foster,Columbus,Ohio,Electronics,Phones,Debit Card,6,7566.0,606.0
1160,B-25298,2025-01-27,2025,1,1,January,2025-01,1,0,Christina Oconnell,San Francisco,California,Office Supplies,Markers,COD,6,8104.0,1039.0
1161,B-25454,2025-01-27,2025,1,1,January,2025-01,1,0,Vanessa Deleon,Tampa,Florida,Electronics,Electronic Games,Credit Card,17,5666.0,2733.0
1162,B-25511,2025-01-29,2025,1,1,January,2025-01,1,0,Samuel Hayes,Peoria,Illinois,Electronics,Electronic Games,EMI,10,9707.0,3483.0
1163,B-25511,2025-01-29,2025,1,1,January,2025-01,1,0,Samuel Hayes,Peoria,Illinois,Office Supplies,Paper,COD,7,8521.0,2584.0
1164,B-26740,2025-01-30,2025,1,1,January,2025-01,1,0,Logan Galloway,New York City,New York,Electronics,Printers,Debit Card,6,9369.0,3297.0
1165,B-26740,2025-01-30,2025,1,1,January,2025-01,1,0,Logan Galloway,New York City,New York,Electronics,Printers,Credit Card,20,8680.0,4068.0
1166,B-26740,2025-01-30,2025,1,1,January,2025-01,1,0,Logan Galloway,New York City,New York,Electronics,Laptops,UPI,8,3067.0,1475.0
1167,B-26623,2025-02-01,2025,1,2,February,2025-02,1,0,Cindy Rowland,Springfield,Illinois,Furniture,Sofas,EMI,18,6195.0,1556.0
1168,B-25463,2025-02-02,2025,1,2,February,2025-02,1,0,Tina Davies,Chicago,Illinois,Office Supplies,Pens,Debit Card,9,3137.0,571.0
1169,B-25957,2025-02-02,2025,1,2,February,2025-02,1,0,Michael Chambers,Los Angeles,California,Electronics,Laptops,UPI,13,4470.0,413.0
1170,B-25456,2025-02-04,2025,1,2,February,2025-02,1,0,Reginald Espinoza,Cleveland,Ohio,Furniture,Sofas,Credit Card,20,5632.0,2358.0
1171,B-26906,2025-02-09,2025,1,2,February,2025-02,1,0,Cathy Clark,Tampa,Florida,Office Supplies,Markers,Credit Card,4,3665.0,802.0
1172,B-26510,2025-02-11,2025,1,2,February,2025-02,1,0,Douglas Pennington,Dallas,Texas,Office Supplies,Paper,UPI,1,1629.0,265.0
1173,B-25940,2025-02-14,2025,1,2,February,2025-02,1,0,David Lara,San Diego,California,Electronics,Phones,Debit Card,6,7566.0,606.0
1174,B-25369,2025-02-16,2025,1,2,February,2025-02,1,0,Thomas Wallace,Dallas,Texas,Electronics,Laptops,Credit Card,9,1579.0,602.0
1175,B-25369,2025-02-16,2025,1,2,February,2025-02,1,0,Thomas Wallace,Dallas,Texas,Furniture,Chairs,EMI,19,3760.0,1849.0
1176,B-26288,2025-02-18,2025,1,2,February,2025-02,1,0,Mr. Nathaniel Reeves,Rochester,New York,Office Supplies,Paper,Debit Card,6,5344.0,2607.0
1177,B-25714,2025-02-19,2025,1,2,February,2025-02,1,0,Joyce Good Md,Miami,Florida,Electronics,Electronic Games,UPI,12,6962.0,3429.0
1178,B-25919,2025-02-20,2025,1,2,February,2025-02,1,0,Rebekah Carter,Orlando,Florida,Office Supplies,Paper,Credit Card,4,2140.0,970.0
1179,B-25919,2025-02-20,2025,1,2,February,2025-02,1,0,Rebekah Carter,Orlando,Florida,Electronics,Laptops,Debit Card,1,2670.0,1026.0
1180,B-25501,2025-02-24,2025,1,2,February,2025-02,1,0,Michelle Anderson,Cleveland,Ohio,Office Supplies,Binders,EMI,4,9874.0,3895.0
1181,B-25832,2025-02-24,2025,1,2,February,2025-02,1,0,Jennifer Arnold,New York City,New York,Electronics,Laptops,EMI,2,6129.0,2976.0
1182,B-25832,2025-02-24,2025,1,2,February,2025-02,1,0,Jennifer Arnold,New York City,New York,Furniture,Bookcases,COD,3,4395.0,1663.0
1183,B-26820,2025-02-26,2025,1,2,February,2025-02,1,0,Kimberly Beard,Cleveland,Ohio,Furniture,Bookcases,EMI,12,5402.0,1666.0
1184,B-26844,2025-02-27,2025,1,2,February,2025-02,1,0,Ryan Hale,Cleveland,Ohio,Electronics,Electronic Games,COD,14,4163.0,897.0
1185,B-25999,2025-03-01,2025,1,3,March,2025-03,0,0,Raymond Reyes,San Diego,California,Furniture,Chairs,Credit Card,1,7895.0,1005.0
1186,B-25999,2025-03-01,2025,1,3,March,2025-03,0,0,Raymond Reyes,San Diego,California,Office Supplies,Pens,UPI,8,2740.0,558.0
1187,B-26978,2025-03-07,2025,1,3,March,2025-03,0,0,Roger Harris,Springfield,Illinois,Electronics,Laptops,Debit Card,18,1108.0,167.0
1188,B-26978,2025-03-07,2025,1,3,March,2025-03,0,0,Roger Harris,Springfield,Illinois,Office Supplies,Binders,UPI,9,9776.0,3750.0
1189,B-26978,2025-03-07,2025,1,3,March,2025-03,0,0,Roger Harris,Springfield,Illinois,Furniture,Bookcases,COD,6,535.0,72.0
1190,B-26986,2025-03-08,2025,1,3,March,2025-03,0,0,William Martin,Columbus,Ohio,Electronics,Phones,COD,4,7900.0,482.0
1191,B-26076,2025-03-10,2025,1,3,March,2025-03,0,0,Vanessa Bauer,Buffalo,New York,Electronics,Phones,Debit Card,11,2750.0,1239.0
1192,B-26076,2025-03-10,2025,1,3,March,2025-03,0,0,Vanessa Bauer,Buffalo,New York,Office Supplies,Pens,EMI,19,8639.0,3104.0
1193,B-26019,2025-03-14,2025,1,3,March,2025-03,0,0,Elizabeth Hernandez,Orlando,Florida,Office Supplies,Paper,COD,9,9845.0,3062.0
1194,B-25580,2025-03-15,2025,1,3,March,2025-03,0,0,Dr. Terry Alvarado,Tampa,Florida,Electronics,Electronic Games,COD,19,1010.0,58.0
